INSERT INTO CAMPUS (CAMPUS_ID, CAMPUS_NAME, CAMPUS_ADDRESS, CAMPUS_PHONE)
VALUES ('WL', 'Purdue - Main Campus', 'West Lafayette, IN','765-494-4600');
INSERT INTO CAMPUS (CAMPUS_ID, CAMPUS_NAME, CAMPUS_ADDRESS, CAMPUS_PHONE)
VALUES ('NC', 'Purdue North Central', 'Westville, IN','219-785-5200');
INSERT INTO CAMPUS (CAMPUS_ID, CAMPUS_NAME, CAMPUS_ADDRESS, CAMPUS_PHONE)
VALUES ('PUFW', 'Purdue University - Ft. Wayne', 'Ft. Wayne, IN','219-481-6100');
INSERT INTO CAMPUS (CAMPUS_ID, CAMPUS_NAME, CAMPUS_ADDRESS, CAMPUS_PHONE)
VALUES ('IUPUC', 'IUPU Columbus', 'Columbus, IN','812-372-8266');

INSERT INTO DEPARTMENT (DEPARTMENT_ID, NAME, ADDRESS, PHONE)
VALUES ('CIT', 'CIT', 'Knoy Hall', '765-494-2560');
INSERT INTO DEPARTMENT (DEPARTMENT_ID, NAME, ADDRESS, PHONE)
VALUES ('CS', 'Computer Sciences', 'CS Building', '765-494-6010');
INSERT INTO DEPARTMENT (DEPARTMENT_ID, NAME)
VALUES ('COM', 'Communications');
INSERT INTO DEPARTMENT (DEPARTMENT_ID, NAME)
VALUES ('ENGL', 'English');
INSERT INTO DEPARTMENT (DEPARTMENT_ID, NAME)
VALUES ('MA', 'Mathematics');
INSERT INTO DEPARTMENT (DEPARTMENT_ID, NAME)
VALUES ('STAT', 'Statistics');
INSERT INTO DEPARTMENT (DEPARTMENT_ID, NAME)
VALUES ('MGMT', 'Management');
INSERT INTO DEPARTMENT (DEPARTMENT_ID, NAME)
VALUES ('ECON', 'Economics');
INSERT INTO DEPARTMENT (DEPARTMENT_ID, NAME)
VALUES ('IE', 'Industrial Engineering');
INSERT INTO DEPARTMENT (DEPARTMENT_ID, NAME)
VALUES ('IT', 'Industrial Technology');

INSERT INTO INSTRUCTOR (INSTRUCTOR_ID, INSTRUCTOR_NAME, DEPARTMENT_ID)
VALUES (1001, 'Wright, Al', 'CIT');
INSERT INTO INSTRUCTOR (INSTRUCTOR_ID, INSTRUCTOR_NAME, DEPARTMENT_ID)
VALUES (1002, 'Light, Bee', 'CIT');
INSERT INTO INSTRUCTOR (INSTRUCTOR_ID, INSTRUCTOR_NAME, DEPARTMENT_ID)
VALUES (1003, 'Armstrong, Chet', 'CIT');
INSERT INTO INSTRUCTOR (INSTRUCTOR_ID, INSTRUCTOR_NAME, DEPARTMENT_ID)
VALUES (1004, 'Boston, Bob', 'CIT');
INSERT INTO INSTRUCTOR (INSTRUCTOR_ID, INSTRUCTOR_NAME, DEPARTMENT_ID)
VALUES (3001, 'Collins, Abe', 'COM');
INSERT INTO INSTRUCTOR (INSTRUCTOR_ID, INSTRUCTOR_NAME, DEPARTMENT_ID)
VALUES (3002, 'Doe, Rhonda', 'COM');
INSERT INTO INSTRUCTOR (INSTRUCTOR_ID, INSTRUCTOR_NAME, DEPARTMENT_ID)
VALUES (4001, 'Johnson, John', 'ENGL');
INSERT INTO INSTRUCTOR (INSTRUCTOR_ID, INSTRUCTOR_NAME, DEPARTMENT_ID)
VALUES (4002, 'Albright, Lewis', 'ENGL');
INSERT INTO INSTRUCTOR (INSTRUCTOR_ID, INSTRUCTOR_NAME, DEPARTMENT_ID)
VALUES (5001, 'Rodriguez, Rhonda', 'MA');
INSERT INTO INSTRUCTOR (INSTRUCTOR_ID, INSTRUCTOR_NAME, DEPARTMENT_ID)
VALUES (5002, 'Brown, Bob', 'MA');
INSERT INTO INSTRUCTOR (INSTRUCTOR_ID, INSTRUCTOR_NAME, DEPARTMENT_ID)
VALUES (6001, 'Deloitte, Malcolm', 'STAT');
INSERT INTO INSTRUCTOR (INSTRUCTOR_ID, INSTRUCTOR_NAME, DEPARTMENT_ID)
VALUES (6002, 'Thomas, Thomas', 'STAT');
INSERT INTO INSTRUCTOR (INSTRUCTOR_ID, INSTRUCTOR_NAME, DEPARTMENT_ID)
VALUES (7001, 'Weaver, Nancy', 'MGMT');
INSERT INTO INSTRUCTOR (INSTRUCTOR_ID, INSTRUCTOR_NAME, DEPARTMENT_ID)
VALUES (7002, 'Barlow, Bill', 'MGMT');
INSERT INTO INSTRUCTOR (INSTRUCTOR_ID, INSTRUCTOR_NAME, DEPARTMENT_ID)
VALUES (8001, 'Farmer, Elizabeth', 'ECON');
INSERT INTO INSTRUCTOR (INSTRUCTOR_ID, INSTRUCTOR_NAME, DEPARTMENT_ID)
VALUES (8002, 'James, Phillip', 'ECON');
INSERT INTO INSTRUCTOR (INSTRUCTOR_ID, INSTRUCTOR_NAME, DEPARTMENT_ID)
VALUES (9001, 'Strong, June', 'IE');
INSERT INTO INSTRUCTOR (INSTRUCTOR_ID, INSTRUCTOR_NAME, DEPARTMENT_ID)
VALUES (9002, 'Lightfoot, Eric', 'IE');
INSERT INTO INSTRUCTOR (INSTRUCTOR_ID, INSTRUCTOR_NAME, DEPARTMENT_ID)
VALUES (10001, 'Jones, James', 'IT');
INSERT INTO INSTRUCTOR (INSTRUCTOR_ID, INSTRUCTOR_NAME, DEPARTMENT_ID)
VALUES (10002, 'Smith, Linda', 'IT');

INSERT INTO COURSE (COURSE_PREFIX, COURSE_NUMBER, DESCRIPTION, CREDITS)
VALUES ('CIT','135','Personal Computing Technology and Applications',2);
INSERT INTO COURSE (COURSE_PREFIX, COURSE_NUMBER, DESCRIPTION, CREDITS)
VALUES ('CIT','145','Introduction to Computers',3);
INSERT INTO COURSE (COURSE_PREFIX, COURSE_NUMBER, DESCRIPTION, CREDITS)
VALUES ('CIT','150','Programming I',3);
INSERT INTO COURSE (COURSE_PREFIX, COURSE_NUMBER, DESCRIPTION, CREDITS)
VALUES('CIT','282', 'Access Database Programming',3);
INSERT INTO COURSE (COURSE_PREFIX, COURSE_NUMBER, DESCRIPTION, CREDITS, 
EQUIV_COURSE_PREFIX, EQUIV_COURSE_NUMBER)
VALUES ('CIT','172','Database Application Development',3,'CIT','282');
INSERT INTO COURSE (COURSE_PREFIX, COURSE_NUMBER, DESCRIPTION, CREDITS, 
EQUIV_COURSE_PREFIX, EQUIV_COURSE_NUMBER)
VALUES('CIT','299O', 'Oracle Structured Query Language',3,'CIT','172');
INSERT INTO COURSE (COURSE_PREFIX, COURSE_NUMBER, DESCRIPTION, CREDITS)
VALUES ('CIT','280','Systems Analysis and Design Methods',3);
INSERT INTO COURSE (COURSE_PREFIX, COURSE_NUMBER, DESCRIPTION, CREDITS)
VALUES ('CIT','380','Object-Oriented Analysis and Design',3);
INSERT INTO COURSE (COURSE_PREFIX, COURSE_NUMBER, DESCRIPTION, CREDITS)
VALUES ('CIT','385','Rapid Application Design and Development',3);
INSERT INTO COURSE (COURSE_PREFIX, COURSE_NUMBER, DESCRIPTION, CREDITS)
VALUES ('CIT','382','Data Analysis',3);
INSERT INTO COURSE (COURSE_PREFIX, COURSE_NUMBER, DESCRIPTION, CREDITS)
VALUES ('CIT','482','Database Design',3);
INSERT INTO COURSE (COURSE_PREFIX, COURSE_NUMBER, DESCRIPTION, CREDITS)
VALUES ('CIT','487','Database Administration',3);
INSERT INTO COURSE (COURSE_PREFIX, COURSE_NUMBER, DESCRIPTION, CREDITS)
VALUES ('CIT','499','Computing Topics',3);
INSERT INTO COURSE (COURSE_PREFIX, COURSE_NUMBER, DESCRIPTION, CREDITS)
VALUES ('ECON','210','Principles of Economics',3);
INSERT INTO COURSE (COURSE_PREFIX, COURSE_NUMBER, DESCRIPTION, CREDITS)
VALUES ('MA','151','Algebra and Trigonometry',3);
INSERT INTO COURSE (COURSE_PREFIX, COURSE_NUMBER, DESCRIPTION, CREDITS)
VALUES ('MA','223','Introduction to Analysis I',3);
INSERT INTO COURSE (COURSE_PREFIX, COURSE_NUMBER, DESCRIPTION, CREDITS)
VALUES ('MA','224','Introduction to Analysis II',3);
INSERT INTO COURSE (COURSE_PREFIX, COURSE_NUMBER, DESCRIPTION, CREDITS)
VALUES ('STAT','301T','Elementary Statistical Methods',3);
INSERT INTO COURSE (COURSE_PREFIX, COURSE_NUMBER, DESCRIPTION, CREDITS)
VALUES ('MGMT','200','Introduction to Accounting',3);
INSERT INTO COURSE (COURSE_PREFIX, COURSE_NUMBER, DESCRIPTION, CREDITS)
VALUES ('MGMT','201','Management Accounting I',3);
INSERT INTO COURSE (COURSE_PREFIX, COURSE_NUMBER, DESCRIPTION, CREDITS)
VALUES ('COM', '318','Principles of Persuasion',3);
INSERT INTO COURSE (COURSE_PREFIX, COURSE_NUMBER, DESCRIPTION, CREDITS)
VALUES ('COM', '325','Interviewing Principles and Practice',3);
INSERT INTO COURSE (COURSE_PREFIX, COURSE_NUMBER, DESCRIPTION, CREDITS)
VALUES ('COM', '415','Discussion of Technical Problems',3);
INSERT INTO COURSE (COURSE_PREFIX, COURSE_NUMBER, DESCRIPTION, CREDITS)
VALUES ('ENGL', '420','Business Writing',3);
INSERT INTO COURSE (COURSE_PREFIX, COURSE_NUMBER, DESCRIPTION, CREDITS)
VALUES ('ENGL', '421','Technical Report Writing',3);
INSERT INTO COURSE (COURSE_PREFIX, COURSE_NUMBER, DESCRIPTION, CREDITS)
VALUES ('ENGL', '424','Writing for Computers',3);

INSERT INTO TERM (YEAR, TERM_ID, START_DATE, END_DATE)
VALUES (2007, 1, '24-AUG-2007', '12-DEC-2007' );
INSERT INTO TERM (YEAR, TERM_ID, START_DATE, END_DATE)
VALUES (2007, 2, '11-JAN-2008', '01-MAY-2008' );
INSERT INTO TERM (YEAR, TERM_ID, START_DATE, END_DATE)
VALUES (2007, 3, '17-MAY-2008', '06-AUG-2008' );
INSERT INTO TERM (YEAR, TERM_ID, START_DATE, END_DATE)
VALUES (2008, 1, '23-AUG-2008', '11-DEC-2008' );
INSERT INTO TERM (YEAR, TERM_ID, START_DATE, END_DATE)
VALUES (2008, 2, '10-JAN-2009', '29-APR-2009' );

COMMIT;

INSERT INTO COURSE_OFFERING (YEAR, TERM_ID, COURSE_PREFIX, COURSE_NUMBER, CAMPUS_ID)
VALUES (2007,1,'COM','325','WL');
INSERT INTO COURSE_OFFERING (YEAR, TERM_ID, COURSE_PREFIX, COURSE_NUMBER, CAMPUS_ID)
VALUES (2007,1,'COM','415','WL');
INSERT INTO COURSE_OFFERING (YEAR, TERM_ID, COURSE_PREFIX, COURSE_NUMBER, CAMPUS_ID)
VALUES (2007,1,'CIT','135','WL');
INSERT INTO COURSE_OFFERING (YEAR, TERM_ID, COURSE_PREFIX, COURSE_NUMBER, CAMPUS_ID)
VALUES (2007,1,'CIT','145','WL');
INSERT INTO COURSE_OFFERING (YEAR, TERM_ID, COURSE_PREFIX, COURSE_NUMBER, CAMPUS_ID)
VALUES (2007,1,'CIT','150','WL');
INSERT INTO COURSE_OFFERING (YEAR, TERM_ID, COURSE_PREFIX, COURSE_NUMBER, CAMPUS_ID)
VALUES (2007,1,'CIT','172','WL');
INSERT INTO COURSE_OFFERING (YEAR, TERM_ID, COURSE_PREFIX, COURSE_NUMBER, CAMPUS_ID)
VALUES (2007,1,'CIT','280','WL');
INSERT INTO COURSE_OFFERING (YEAR, TERM_ID, COURSE_PREFIX, COURSE_NUMBER, CAMPUS_ID)
VALUES (2007,1,'CIT','380','WL');
INSERT INTO COURSE_OFFERING (YEAR, TERM_ID, COURSE_PREFIX, COURSE_NUMBER, CAMPUS_ID)
VALUES (2007,1,'CIT','382','WL');
INSERT INTO COURSE_OFFERING (YEAR, TERM_ID, COURSE_PREFIX, COURSE_NUMBER, CAMPUS_ID)
VALUES (2007,1,'CIT','487','WL');
INSERT INTO COURSE_OFFERING (YEAR, TERM_ID, COURSE_PREFIX, COURSE_NUMBER, CAMPUS_ID)
VALUES (2007,1,'CIT','499','WL');
INSERT INTO COURSE_OFFERING (YEAR, TERM_ID, COURSE_PREFIX, COURSE_NUMBER, CAMPUS_ID)
VALUES (2007,1,'ECON','210','WL');
INSERT INTO COURSE_OFFERING (YEAR, TERM_ID, COURSE_PREFIX, COURSE_NUMBER, CAMPUS_ID)
VALUES (2007,1,'ENGL','420','WL');
INSERT INTO COURSE_OFFERING (YEAR, TERM_ID, COURSE_PREFIX, COURSE_NUMBER, CAMPUS_ID)
VALUES (2007,1,'ENGL','421','WL');
INSERT INTO COURSE_OFFERING (YEAR, TERM_ID, COURSE_PREFIX, COURSE_NUMBER, CAMPUS_ID)
VALUES (2007,1,'ENGL','424','WL');
INSERT INTO COURSE_OFFERING (YEAR, TERM_ID, COURSE_PREFIX, COURSE_NUMBER, CAMPUS_ID)
VALUES (2007,1,'MA','151','WL');
INSERT INTO COURSE_OFFERING (YEAR, TERM_ID, COURSE_PREFIX, COURSE_NUMBER, CAMPUS_ID)
VALUES (2007,1,'MA','223','WL');
INSERT INTO COURSE_OFFERING (YEAR, TERM_ID, COURSE_PREFIX, COURSE_NUMBER, CAMPUS_ID)
VALUES (2007,1,'MA','224','WL');
INSERT INTO COURSE_OFFERING (YEAR, TERM_ID, COURSE_PREFIX, COURSE_NUMBER, CAMPUS_ID)
VALUES (2007,1,'STAT','301T','WL');
INSERT INTO COURSE_OFFERING (YEAR, TERM_ID, COURSE_PREFIX, COURSE_NUMBER, CAMPUS_ID)
VALUES (2007,1,'MGMT','200','WL');
INSERT INTO COURSE_OFFERING (YEAR, TERM_ID, COURSE_PREFIX, COURSE_NUMBER, CAMPUS_ID)
VALUES (2007,1,'MGMT','201','WL');

INSERT INTO COURSE_OFFERING (YEAR, TERM_ID, COURSE_PREFIX, COURSE_NUMBER, CAMPUS_ID)
VALUES (2007,2,'COM','325','WL');
INSERT INTO COURSE_OFFERING (YEAR, TERM_ID, COURSE_PREFIX, COURSE_NUMBER, CAMPUS_ID)
VALUES (2007,2,'COM','415','WL');
INSERT INTO COURSE_OFFERING (YEAR, TERM_ID, COURSE_PREFIX, COURSE_NUMBER, CAMPUS_ID)
VALUES (2007,2,'CIT','135','WL');
INSERT INTO COURSE_OFFERING (YEAR, TERM_ID, COURSE_PREFIX, COURSE_NUMBER, CAMPUS_ID)
VALUES (2007,2,'CIT','145','WL');
INSERT INTO COURSE_OFFERING (YEAR, TERM_ID, COURSE_PREFIX, COURSE_NUMBER, CAMPUS_ID)
VALUES (2007,2,'CIT','150','WL');
INSERT INTO COURSE_OFFERING (YEAR, TERM_ID, COURSE_PREFIX, COURSE_NUMBER, CAMPUS_ID)
VALUES (2007,2,'CIT','172','WL');
INSERT INTO COURSE_OFFERING (YEAR, TERM_ID, COURSE_PREFIX, COURSE_NUMBER, CAMPUS_ID)
VALUES (2007,2,'CIT','280','WL');
INSERT INTO COURSE_OFFERING (YEAR, TERM_ID, COURSE_PREFIX, COURSE_NUMBER, CAMPUS_ID)
VALUES (2007,2,'CIT','385','WL');
INSERT INTO COURSE_OFFERING (YEAR, TERM_ID, COURSE_PREFIX, COURSE_NUMBER, CAMPUS_ID)
VALUES (2007,2,'CIT','482','WL');
INSERT INTO COURSE_OFFERING (YEAR, TERM_ID, COURSE_PREFIX, COURSE_NUMBER, CAMPUS_ID)
VALUES (2007,2,'CIT','499','WL');
INSERT INTO COURSE_OFFERING (YEAR, TERM_ID, COURSE_PREFIX, COURSE_NUMBER, CAMPUS_ID)
VALUES (2007,2,'ECON','210','WL');
INSERT INTO COURSE_OFFERING (YEAR, TERM_ID, COURSE_PREFIX, COURSE_NUMBER, CAMPUS_ID)
VALUES (2007,2,'ENGL','420','WL');
INSERT INTO COURSE_OFFERING (YEAR, TERM_ID, COURSE_PREFIX, COURSE_NUMBER, CAMPUS_ID)
VALUES (2007,2,'ENGL','421','WL');
INSERT INTO COURSE_OFFERING (YEAR, TERM_ID, COURSE_PREFIX, COURSE_NUMBER, CAMPUS_ID)
VALUES (2007,2,'ENGL','424','WL');
INSERT INTO COURSE_OFFERING (YEAR, TERM_ID, COURSE_PREFIX, COURSE_NUMBER, CAMPUS_ID)
VALUES (2007,2,'MA','151','WL');
INSERT INTO COURSE_OFFERING (YEAR, TERM_ID, COURSE_PREFIX, COURSE_NUMBER, CAMPUS_ID)
VALUES (2007,2,'MA','223','WL');
INSERT INTO COURSE_OFFERING (YEAR, TERM_ID, COURSE_PREFIX, COURSE_NUMBER, CAMPUS_ID)
VALUES (2007,2,'MA','224','WL');
INSERT INTO COURSE_OFFERING (YEAR, TERM_ID, COURSE_PREFIX, COURSE_NUMBER, CAMPUS_ID)
VALUES (2007,2,'STAT','301T','WL');
INSERT INTO COURSE_OFFERING (YEAR, TERM_ID, COURSE_PREFIX, COURSE_NUMBER, CAMPUS_ID)
VALUES (2007,2,'MGMT','200','WL');
INSERT INTO COURSE_OFFERING (YEAR, TERM_ID, COURSE_PREFIX, COURSE_NUMBER, CAMPUS_ID)
VALUES (2007,2,'MGMT','201','WL');

INSERT INTO COURSE_OFFERING (YEAR, TERM_ID, COURSE_PREFIX, COURSE_NUMBER, CAMPUS_ID)
VALUES (2007,3,'COM','325','WL');
INSERT INTO COURSE_OFFERING (YEAR, TERM_ID, COURSE_PREFIX, COURSE_NUMBER, CAMPUS_ID)
VALUES (2007,3,'CIT','135','WL');
INSERT INTO COURSE_OFFERING (YEAR, TERM_ID, COURSE_PREFIX, COURSE_NUMBER, CAMPUS_ID)
VALUES (2007,3,'CIT','145','WL');
INSERT INTO COURSE_OFFERING (YEAR, TERM_ID, COURSE_PREFIX, COURSE_NUMBER, CAMPUS_ID)
VALUES (2007,3,'CIT','172','WL');
INSERT INTO COURSE_OFFERING (YEAR, TERM_ID, COURSE_PREFIX, COURSE_NUMBER, CAMPUS_ID)
VALUES (2007,3,'CIT','280','WL');

INSERT INTO COURSE_OFFERING (YEAR, TERM_ID, COURSE_PREFIX, COURSE_NUMBER, CAMPUS_ID)
VALUES (2008,1,'COM','325','WL');
INSERT INTO COURSE_OFFERING (YEAR, TERM_ID, COURSE_PREFIX, COURSE_NUMBER, CAMPUS_ID)
VALUES (2008,1,'COM','415','WL');
INSERT INTO COURSE_OFFERING (YEAR, TERM_ID, COURSE_PREFIX, COURSE_NUMBER, CAMPUS_ID)
VALUES (2008,1,'CIT','135','WL');
INSERT INTO COURSE_OFFERING (YEAR, TERM_ID, COURSE_PREFIX, COURSE_NUMBER, CAMPUS_ID)
VALUES (2008,1,'CIT','145','WL');
INSERT INTO COURSE_OFFERING (YEAR, TERM_ID, COURSE_PREFIX, COURSE_NUMBER, CAMPUS_ID)
VALUES (2008,1,'CIT','150','WL');
INSERT INTO COURSE_OFFERING (YEAR, TERM_ID, COURSE_PREFIX, COURSE_NUMBER, CAMPUS_ID)
VALUES (2008,1,'CIT','172','WL');
INSERT INTO COURSE_OFFERING (YEAR, TERM_ID, COURSE_PREFIX, COURSE_NUMBER, CAMPUS_ID)
VALUES (2008,1,'CIT','280','WL');
INSERT INTO COURSE_OFFERING (YEAR, TERM_ID, COURSE_PREFIX, COURSE_NUMBER, CAMPUS_ID)
VALUES (2008,1,'CIT','380','WL');
INSERT INTO COURSE_OFFERING (YEAR, TERM_ID, COURSE_PREFIX, COURSE_NUMBER, CAMPUS_ID)
VALUES (2008,1,'CIT','385','WL');
INSERT INTO COURSE_OFFERING (YEAR, TERM_ID, COURSE_PREFIX, COURSE_NUMBER, CAMPUS_ID)
VALUES (2008,1,'CIT','382','WL');
INSERT INTO COURSE_OFFERING (YEAR, TERM_ID, COURSE_PREFIX, COURSE_NUMBER, CAMPUS_ID)
VALUES (2008,1,'CIT','482','WL');
INSERT INTO COURSE_OFFERING (YEAR, TERM_ID, COURSE_PREFIX, COURSE_NUMBER, CAMPUS_ID)
VALUES (2008,1,'CIT','487','WL');
INSERT INTO COURSE_OFFERING (YEAR, TERM_ID, COURSE_PREFIX, COURSE_NUMBER, CAMPUS_ID)
VALUES (2008,1,'CIT','499','WL');
INSERT INTO COURSE_OFFERING (YEAR, TERM_ID, COURSE_PREFIX, COURSE_NUMBER, CAMPUS_ID)
VALUES (2008,1,'ECON','210','WL');
INSERT INTO COURSE_OFFERING (YEAR, TERM_ID, COURSE_PREFIX, COURSE_NUMBER, CAMPUS_ID)
VALUES (2008,1,'ENGL','420','WL');
INSERT INTO COURSE_OFFERING (YEAR, TERM_ID, COURSE_PREFIX, COURSE_NUMBER, CAMPUS_ID)
VALUES (2008,1,'ENGL','421','WL');
INSERT INTO COURSE_OFFERING (YEAR, TERM_ID, COURSE_PREFIX, COURSE_NUMBER, CAMPUS_ID)
VALUES (2008,1,'ENGL','424','WL');
INSERT INTO COURSE_OFFERING (YEAR, TERM_ID, COURSE_PREFIX, COURSE_NUMBER, CAMPUS_ID)
VALUES (2008,1,'MA','151','WL');
INSERT INTO COURSE_OFFERING (YEAR, TERM_ID, COURSE_PREFIX, COURSE_NUMBER, CAMPUS_ID)
VALUES (2008,1,'MA','223','WL');
INSERT INTO COURSE_OFFERING (YEAR, TERM_ID, COURSE_PREFIX, COURSE_NUMBER, CAMPUS_ID)
VALUES (2008,1,'MA','224','WL');
INSERT INTO COURSE_OFFERING (YEAR, TERM_ID, COURSE_PREFIX, COURSE_NUMBER, CAMPUS_ID)
VALUES (2008,1,'STAT','301T','WL');
INSERT INTO COURSE_OFFERING (YEAR, TERM_ID, COURSE_PREFIX, COURSE_NUMBER, CAMPUS_ID)
VALUES (2008,1,'MGMT','200','WL');
INSERT INTO COURSE_OFFERING (YEAR, TERM_ID, COURSE_PREFIX, COURSE_NUMBER, CAMPUS_ID)
VALUES (2008,1,'MGMT','201','WL');

INSERT INTO COURSE_OFFERING (YEAR, TERM_ID, COURSE_PREFIX, COURSE_NUMBER, CAMPUS_ID)
VALUES (2008,2,'COM','325','WL');
INSERT INTO COURSE_OFFERING (YEAR, TERM_ID, COURSE_PREFIX, COURSE_NUMBER, CAMPUS_ID)
VALUES (2008,2,'COM','415','WL');
INSERT INTO COURSE_OFFERING (YEAR, TERM_ID, COURSE_PREFIX, COURSE_NUMBER, CAMPUS_ID)
VALUES (2008,2,'CIT','135','WL');
INSERT INTO COURSE_OFFERING (YEAR, TERM_ID, COURSE_PREFIX, COURSE_NUMBER, CAMPUS_ID)
VALUES (2008,2,'CIT','145','WL');
INSERT INTO COURSE_OFFERING (YEAR, TERM_ID, COURSE_PREFIX, COURSE_NUMBER, CAMPUS_ID)
VALUES (2008,2,'CIT','150','WL');
INSERT INTO COURSE_OFFERING (YEAR, TERM_ID, COURSE_PREFIX, COURSE_NUMBER, CAMPUS_ID)
VALUES (2008,2,'CIT','172','WL');
INSERT INTO COURSE_OFFERING (YEAR, TERM_ID, COURSE_PREFIX, COURSE_NUMBER, CAMPUS_ID)
VALUES (2008,2,'CIT','280','WL');
INSERT INTO COURSE_OFFERING (YEAR, TERM_ID, COURSE_PREFIX, COURSE_NUMBER, CAMPUS_ID)
VALUES (2008,2,'CIT','380','WL');
INSERT INTO COURSE_OFFERING (YEAR, TERM_ID, COURSE_PREFIX, COURSE_NUMBER, CAMPUS_ID)
VALUES (2008,2,'CIT','385','WL');
INSERT INTO COURSE_OFFERING (YEAR, TERM_ID, COURSE_PREFIX, COURSE_NUMBER, CAMPUS_ID)
VALUES (2008,2,'CIT','382','WL');
INSERT INTO COURSE_OFFERING (YEAR, TERM_ID, COURSE_PREFIX, COURSE_NUMBER, CAMPUS_ID)
VALUES (2008,2,'CIT','482','WL');
INSERT INTO COURSE_OFFERING (YEAR, TERM_ID, COURSE_PREFIX, COURSE_NUMBER, CAMPUS_ID)
VALUES (2008,2,'CIT','487','WL');
INSERT INTO COURSE_OFFERING (YEAR, TERM_ID, COURSE_PREFIX, COURSE_NUMBER, CAMPUS_ID)
VALUES (2008,2,'CIT','499','WL');
INSERT INTO COURSE_OFFERING (YEAR, TERM_ID, COURSE_PREFIX, COURSE_NUMBER, CAMPUS_ID)
VALUES (2008,2,'ECON','210','WL');
INSERT INTO COURSE_OFFERING (YEAR, TERM_ID, COURSE_PREFIX, COURSE_NUMBER, CAMPUS_ID)
VALUES (2008,2,'ENGL','420','WL');
INSERT INTO COURSE_OFFERING (YEAR, TERM_ID, COURSE_PREFIX, COURSE_NUMBER, CAMPUS_ID)
VALUES (2008,2,'ENGL','421','WL');
INSERT INTO COURSE_OFFERING (YEAR, TERM_ID, COURSE_PREFIX, COURSE_NUMBER, CAMPUS_ID)
VALUES (2008,2,'ENGL','424','WL');
INSERT INTO COURSE_OFFERING (YEAR, TERM_ID, COURSE_PREFIX, COURSE_NUMBER, CAMPUS_ID)
VALUES (2008,2,'MA','151','WL');
INSERT INTO COURSE_OFFERING (YEAR, TERM_ID, COURSE_PREFIX, COURSE_NUMBER, CAMPUS_ID)
VALUES (2008,2,'MA','223','WL');
INSERT INTO COURSE_OFFERING (YEAR, TERM_ID, COURSE_PREFIX, COURSE_NUMBER, CAMPUS_ID)
VALUES (2008,2,'MA','224','WL');
INSERT INTO COURSE_OFFERING (YEAR, TERM_ID, COURSE_PREFIX, COURSE_NUMBER, CAMPUS_ID)
VALUES (2008,2,'STAT','301T','WL');
INSERT INTO COURSE_OFFERING (YEAR, TERM_ID, COURSE_PREFIX, COURSE_NUMBER, CAMPUS_ID)
VALUES (2008,2,'MGMT','200','WL');
INSERT INTO COURSE_OFFERING (YEAR, TERM_ID, COURSE_PREFIX, COURSE_NUMBER, CAMPUS_ID)
VALUES (2008,2,'MGMT','201','WL');

COMMIT;

INSERT INTO COURSE_SECTION (YEAR, TERM_ID, COURSE_PREFIX, COURSE_NUMBER, CAMPUS_ID, COURSE_SUFFIX, SECTION_ID, INSTRUCTOR_ID, DAYS_OF_WEEK, START_TIME, END_TIME, BUILDING, ROOM, MAXIMUM_ENROLLMENT)
VALUES (2007,1,'COM','325','WL',' ',1,3001,'MWF',
TO_DATE('8:30','HH24:MI'),TO_DATE('9:20','HH24:MI'),'HEAV','310',50);

INSERT INTO COURSE_SECTION (YEAR, TERM_ID, COURSE_PREFIX, COURSE_NUMBER, CAMPUS_ID, COURSE_SUFFIX, SECTION_ID, INSTRUCTOR_ID, DAYS_OF_WEEK, START_TIME, END_TIME, BUILDING, ROOM, MAXIMUM_ENROLLMENT)
VALUES (2007,1,'COM','325','WL',' ',2,3001,'MWF',
TO_DATE('9:30','HH24:MI'),TO_DATE('10:20','HH24:MI'),'HEAV','310',50);

INSERT INTO COURSE_SECTION (YEAR, TERM_ID, COURSE_PREFIX, COURSE_NUMBER, CAMPUS_ID, COURSE_SUFFIX, SECTION_ID, INSTRUCTOR_ID, DAYS_OF_WEEK, START_TIME, END_TIME, BUILDING, ROOM, MAXIMUM_ENROLLMENT)
VALUES (2007,1,'COM','325','WL',' ',3,3001,'MWF',
TO_DATE('10:30','HH24:MI'),TO_DATE('11:20','HH24:MI'),'HEAV','310',50);

INSERT INTO COURSE_SECTION (YEAR, TERM_ID, COURSE_PREFIX, COURSE_NUMBER, CAMPUS_ID, COURSE_SUFFIX, SECTION_ID, INSTRUCTOR_ID, DAYS_OF_WEEK, START_TIME, END_TIME, BUILDING, ROOM, MAXIMUM_ENROLLMENT)
VALUES (2007,1,'COM','325','WL',' ',4,3002,'MWF',
TO_DATE('7:30','HH24:MI'),TO_DATE('8:20','HH24:MI'),'HEAV','320',50);

INSERT INTO COURSE_SECTION (YEAR, TERM_ID, COURSE_PREFIX, COURSE_NUMBER, CAMPUS_ID, COURSE_SUFFIX, SECTION_ID, INSTRUCTOR_ID, DAYS_OF_WEEK, START_TIME, END_TIME, BUILDING, ROOM, MAXIMUM_ENROLLMENT)
VALUES (2007,1,'COM','325','WL',' ',5,3002,'MWF',
TO_DATE('9:30','HH24:MI'),TO_DATE('10:20','HH24:MI'),'HEAV','320',50);

INSERT INTO COURSE_SECTION (YEAR, TERM_ID, COURSE_PREFIX, COURSE_NUMBER, CAMPUS_ID, COURSE_SUFFIX, SECTION_ID, INSTRUCTOR_ID, DAYS_OF_WEEK, START_TIME, END_TIME, BUILDING, ROOM, MAXIMUM_ENROLLMENT)
VALUES (2007,1,'COM','415','WL',' ',1,3002,'MWF',
TO_DATE('13:30','HH24:MI'),TO_DATE('14:20','HH24:MI'),'HEAV','320',50);

INSERT INTO COURSE_SECTION (YEAR, TERM_ID, COURSE_PREFIX, COURSE_NUMBER, CAMPUS_ID, COURSE_SUFFIX, SECTION_ID, INSTRUCTOR_ID, DAYS_OF_WEEK, START_TIME, END_TIME, BUILDING, ROOM, MAXIMUM_ENROLLMENT)
VALUES (2007,1,'CIT','135','WL',' ',1,1001,'WF',
TO_DATE('9:30','HH24:MI'),TO_DATE('10:20','HH24:MI'),'BRWN','300',150);

INSERT INTO COURSE_SECTION (YEAR, TERM_ID, COURSE_PREFIX, COURSE_NUMBER, CAMPUS_ID, COURSE_SUFFIX, SECTION_ID, INSTRUCTOR_ID, DAYS_OF_WEEK, START_TIME, END_TIME, BUILDING, ROOM, MAXIMUM_ENROLLMENT)
VALUES (2007,1,'CIT','135','WL','L',1,1001,'M',
TO_DATE('7:30','HH24:MI'),TO_DATE('9:20','HH24:MI'),'KNOY','208N',24);

INSERT INTO COURSE_SECTION (YEAR, TERM_ID, COURSE_PREFIX, COURSE_NUMBER, CAMPUS_ID, COURSE_SUFFIX, SECTION_ID, INSTRUCTOR_ID, DAYS_OF_WEEK, START_TIME, END_TIME, BUILDING, ROOM, MAXIMUM_ENROLLMENT)
VALUES (2007,1,'CIT','135','WL','L',2,1002,'M',
TO_DATE('7:30','HH24:MI'),TO_DATE('9:20','HH24:MI'),'KNOY','208H',24);

INSERT INTO COURSE_SECTION (YEAR, TERM_ID, COURSE_PREFIX, COURSE_NUMBER, CAMPUS_ID, COURSE_SUFFIX, SECTION_ID, INSTRUCTOR_ID, DAYS_OF_WEEK, START_TIME, END_TIME, BUILDING, ROOM, MAXIMUM_ENROLLMENT)
VALUES (2007,1,'CIT','135','WL','L',3,1001,'M',
TO_DATE('9:30','HH24:MI'),TO_DATE('11:20','HH24:MI'),'KNOY','208N',24);

INSERT INTO COURSE_SECTION (YEAR, TERM_ID, COURSE_PREFIX, COURSE_NUMBER, CAMPUS_ID, COURSE_SUFFIX, SECTION_ID, INSTRUCTOR_ID, DAYS_OF_WEEK, START_TIME, END_TIME, BUILDING, ROOM, MAXIMUM_ENROLLMENT)
VALUES (2007,1,'CIT','135','WL','L',4,1002,'M',
TO_DATE('9:30','HH24:MI'),TO_DATE('11:20','HH24:MI'),'KNOY','208H',24);

INSERT INTO COURSE_SECTION (YEAR, TERM_ID, COURSE_PREFIX, COURSE_NUMBER, CAMPUS_ID, COURSE_SUFFIX, SECTION_ID, INSTRUCTOR_ID, DAYS_OF_WEEK, START_TIME, END_TIME, BUILDING, ROOM, MAXIMUM_ENROLLMENT)
VALUES (2007,1,'CIT','135','WL','L',5,1001,'M',
TO_DATE('13:30','HH24:MI'),TO_DATE('15:20','HH24:MI'),'KNOY','208N',24);

INSERT INTO COURSE_SECTION (YEAR, TERM_ID, COURSE_PREFIX, COURSE_NUMBER, CAMPUS_ID, COURSE_SUFFIX, SECTION_ID, INSTRUCTOR_ID, DAYS_OF_WEEK, START_TIME, END_TIME, BUILDING, ROOM, MAXIMUM_ENROLLMENT)
VALUES (2007,1,'CIT','135','WL','L',6,1002,'M',
TO_DATE('13:30','HH24:MI'),TO_DATE('15:20','HH24:MI'),'KNOY','208H',24);

INSERT INTO COURSE_SECTION (YEAR, TERM_ID, COURSE_PREFIX, COURSE_NUMBER, CAMPUS_ID, COURSE_SUFFIX, SECTION_ID, INSTRUCTOR_ID, DAYS_OF_WEEK, START_TIME, END_TIME, BUILDING, ROOM, MAXIMUM_ENROLLMENT)
VALUES (2007,1,'CIT','145','WL',' ',1,1001,'TR',
TO_DATE('9:30','HH24:MI'),TO_DATE('10:20','HH24:MI'),'BRWN','200',50);

INSERT INTO COURSE_SECTION (YEAR, TERM_ID, COURSE_PREFIX, COURSE_NUMBER, CAMPUS_ID, COURSE_SUFFIX, SECTION_ID, INSTRUCTOR_ID, DAYS_OF_WEEK, START_TIME, END_TIME, BUILDING, ROOM, MAXIMUM_ENROLLMENT)
VALUES (2007,1,'CIT','145','WL','L',1,1004,'W',
TO_DATE('7:30','HH24:MI'),TO_DATE('9:20','HH24:MI'),'KNOY','208N',24);

INSERT INTO COURSE_SECTION (YEAR, TERM_ID, COURSE_PREFIX, COURSE_NUMBER, CAMPUS_ID, COURSE_SUFFIX, SECTION_ID, INSTRUCTOR_ID, DAYS_OF_WEEK, START_TIME, END_TIME, BUILDING, ROOM, MAXIMUM_ENROLLMENT)
VALUES (2007,1,'CIT','145','WL','L',2,1003,'W',
TO_DATE('7:30','HH24:MI'),TO_DATE('9:20','HH24:MI'),'KNOY','208H',24);

INSERT INTO COURSE_SECTION (YEAR, TERM_ID, COURSE_PREFIX, COURSE_NUMBER, CAMPUS_ID, COURSE_SUFFIX, SECTION_ID, INSTRUCTOR_ID, DAYS_OF_WEEK, START_TIME, END_TIME, BUILDING, ROOM, MAXIMUM_ENROLLMENT)
VALUES (2007,1,'CIT','145','WL','L',3,1004,'W',
TO_DATE('9:30','HH24:MI'),TO_DATE('11:20','HH24:MI'),'KNOY','208N',24);

INSERT INTO COURSE_SECTION (YEAR, TERM_ID, COURSE_PREFIX, COURSE_NUMBER, CAMPUS_ID, COURSE_SUFFIX, SECTION_ID, INSTRUCTOR_ID, DAYS_OF_WEEK, START_TIME, END_TIME, BUILDING, ROOM, MAXIMUM_ENROLLMENT)
VALUES (2007,1,'CIT','145','WL','L',4,1003,'W',
TO_DATE('9:30','HH24:MI'),TO_DATE('11:20','HH24:MI'),'KNOY','208H',24);

INSERT INTO COURSE_SECTION (YEAR, TERM_ID, COURSE_PREFIX, COURSE_NUMBER, CAMPUS_ID, COURSE_SUFFIX, SECTION_ID, INSTRUCTOR_ID, DAYS_OF_WEEK, START_TIME, END_TIME, BUILDING, ROOM, MAXIMUM_ENROLLMENT)
VALUES (2007,1,'CIT','145','WL','L',5,1004,'W',
TO_DATE('13:30','HH24:MI'),TO_DATE('15:20','HH24:MI'),'KNOY','208N',24);

INSERT INTO COURSE_SECTION (YEAR, TERM_ID, COURSE_PREFIX, COURSE_NUMBER, CAMPUS_ID, COURSE_SUFFIX, SECTION_ID, INSTRUCTOR_ID, DAYS_OF_WEEK, START_TIME, END_TIME, BUILDING, ROOM, MAXIMUM_ENROLLMENT)
VALUES (2007,1,'CIT','145','WL','L',6,1003,'W',
TO_DATE('13:30','HH24:MI'),TO_DATE('15:20','HH24:MI'),'KNOY','208H',24);

INSERT INTO COURSE_SECTION (YEAR, TERM_ID, COURSE_PREFIX, COURSE_NUMBER, CAMPUS_ID, COURSE_SUFFIX, SECTION_ID, INSTRUCTOR_ID, DAYS_OF_WEEK, START_TIME, END_TIME, BUILDING, ROOM, MAXIMUM_ENROLLMENT)
VALUES (2007,1,'CIT','150','WL',' ',1,1001,'MWF',
TO_DATE('9:30','HH24:MI'),TO_DATE('10:20','HH24:MI'),'HEAV','310',50);

INSERT INTO COURSE_SECTION (YEAR, TERM_ID, COURSE_PREFIX, COURSE_NUMBER, CAMPUS_ID, COURSE_SUFFIX, SECTION_ID, INSTRUCTOR_ID, DAYS_OF_WEEK, START_TIME, END_TIME, BUILDING, ROOM, MAXIMUM_ENROLLMENT)
VALUES (2007,1,'CIT','150','WL','L',1,1003,'W',
TO_DATE('13:30','HH24:MI'),TO_DATE('15:20','HH24:MI'),'KNOY','208H',24);

INSERT INTO COURSE_SECTION (YEAR, TERM_ID, COURSE_PREFIX, COURSE_NUMBER, CAMPUS_ID, COURSE_SUFFIX, SECTION_ID, INSTRUCTOR_ID, DAYS_OF_WEEK, START_TIME, END_TIME, BUILDING, ROOM, MAXIMUM_ENROLLMENT)
VALUES (2007,1,'CIT','172','WL',' ',1,1001,'MWF',
TO_DATE('9:30','HH24:MI'),TO_DATE('10:20','HH24:MI'),'HEAV','310',50);

INSERT INTO COURSE_SECTION (YEAR, TERM_ID, COURSE_PREFIX, COURSE_NUMBER, CAMPUS_ID, COURSE_SUFFIX, SECTION_ID, INSTRUCTOR_ID, DAYS_OF_WEEK, START_TIME, END_TIME, BUILDING, ROOM, MAXIMUM_ENROLLMENT)
VALUES (2007,1,'CIT','172','WL','L',1,1003,'W',
TO_DATE('13:30','HH24:MI'),TO_DATE('15:20','HH24:MI'),'KNOY','208H',24);

INSERT INTO COURSE_SECTION (YEAR, TERM_ID, COURSE_PREFIX, COURSE_NUMBER, CAMPUS_ID, COURSE_SUFFIX, SECTION_ID, INSTRUCTOR_ID, DAYS_OF_WEEK, START_TIME, END_TIME, BUILDING, ROOM, MAXIMUM_ENROLLMENT)
VALUES (2007,1,'CIT','280','WL',' ',1,1001,'MWF',
TO_DATE('9:30','HH24:MI'),TO_DATE('10:20','HH24:MI'),'HEAV','310',50);

INSERT INTO COURSE_SECTION (YEAR, TERM_ID, COURSE_PREFIX, COURSE_NUMBER, CAMPUS_ID, COURSE_SUFFIX, SECTION_ID, INSTRUCTOR_ID, DAYS_OF_WEEK, START_TIME, END_TIME, BUILDING, ROOM, MAXIMUM_ENROLLMENT)
VALUES (2007,1,'CIT','280','WL','L',1,1003,'W',
TO_DATE('13:30','HH24:MI'),TO_DATE('15:20','HH24:MI'),'KNOY','208H',24);

INSERT INTO COURSE_SECTION (YEAR, TERM_ID, COURSE_PREFIX, COURSE_NUMBER, CAMPUS_ID, COURSE_SUFFIX, SECTION_ID, INSTRUCTOR_ID, DAYS_OF_WEEK, START_TIME, END_TIME, BUILDING, ROOM, MAXIMUM_ENROLLMENT)
VALUES (2007,1,'CIT','380','WL',' ',1,1001,'MWF',
TO_DATE('9:30','HH24:MI'),TO_DATE('10:20','HH24:MI'),'HEAV','310',50);

INSERT INTO COURSE_SECTION (YEAR, TERM_ID, COURSE_PREFIX, COURSE_NUMBER, CAMPUS_ID, COURSE_SUFFIX, SECTION_ID, INSTRUCTOR_ID, DAYS_OF_WEEK, START_TIME, END_TIME, BUILDING, ROOM, MAXIMUM_ENROLLMENT)
VALUES (2007,1,'CIT','380','WL','L',1,1003,'W',
TO_DATE('13:30','HH24:MI'),TO_DATE('15:20','HH24:MI'),'KNOY','208H',24);

INSERT INTO COURSE_SECTION (YEAR, TERM_ID, COURSE_PREFIX, COURSE_NUMBER, CAMPUS_ID, COURSE_SUFFIX, SECTION_ID, INSTRUCTOR_ID, DAYS_OF_WEEK, START_TIME, END_TIME, BUILDING, ROOM, MAXIMUM_ENROLLMENT)
VALUES (2007,1,'CIT','382','WL',' ',1,1001,'MW',
TO_DATE('9:30','HH24:MI'),TO_DATE('10:20','HH24:MI'),'CIVL','1252',90);

INSERT INTO COURSE_SECTION (YEAR, TERM_ID, COURSE_PREFIX, COURSE_NUMBER, CAMPUS_ID, COURSE_SUFFIX, SECTION_ID, INSTRUCTOR_ID, DAYS_OF_WEEK, START_TIME, END_TIME, BUILDING, ROOM, MAXIMUM_ENROLLMENT)
VALUES (2007,1,'CIT','382','WL','L',1,1003,'W',
TO_DATE('13:30','HH24:MI'),TO_DATE('15:20','HH24:MI'),'KNOY','208H',24);

INSERT INTO COURSE_SECTION (YEAR, TERM_ID, COURSE_PREFIX, COURSE_NUMBER, CAMPUS_ID, COURSE_SUFFIX, SECTION_ID, INSTRUCTOR_ID, DAYS_OF_WEEK, START_TIME, END_TIME, BUILDING, ROOM, MAXIMUM_ENROLLMENT)
VALUES (2007,1,'CIT','487','WL',' ',1,1001,'MW',
TO_DATE('9:30','HH24:MI'),TO_DATE('10:20','HH24:MI'),'KNOY','B035',45);

INSERT INTO COURSE_SECTION (YEAR, TERM_ID, COURSE_PREFIX, COURSE_NUMBER, CAMPUS_ID, COURSE_SUFFIX, SECTION_ID, INSTRUCTOR_ID, DAYS_OF_WEEK, START_TIME, END_TIME, BUILDING, ROOM, MAXIMUM_ENROLLMENT)
VALUES (2007,1,'CIT','487','WL','L',1,1001,'F',
TO_DATE('9:30','HH24:MI'),TO_DATE('11:20','HH24:MI'),'KNOY','208N',24);


INSERT INTO COURSE_SECTION (YEAR, TERM_ID, COURSE_PREFIX, COURSE_NUMBER, CAMPUS_ID, COURSE_SUFFIX, SECTION_ID, INSTRUCTOR_ID, DAYS_OF_WEEK, START_TIME, END_TIME, BUILDING, ROOM, MAXIMUM_ENROLLMENT)
VALUES (2007,2,'COM','325','WL',' ',1,3001,'MWF',
TO_DATE('8:30','HH24:MI'),TO_DATE('9:20','HH24:MI'),'HEAV','310',50);

INSERT INTO COURSE_SECTION (YEAR, TERM_ID, COURSE_PREFIX, COURSE_NUMBER, CAMPUS_ID, COURSE_SUFFIX, SECTION_ID, INSTRUCTOR_ID, DAYS_OF_WEEK, START_TIME, END_TIME, BUILDING, ROOM, MAXIMUM_ENROLLMENT)
VALUES (2007,2,'COM','325','WL',' ',2,3001,'MWF',
TO_DATE('9:30','HH24:MI'),TO_DATE('10:20','HH24:MI'),'HEAV','310',50);

INSERT INTO COURSE_SECTION (YEAR, TERM_ID, COURSE_PREFIX, COURSE_NUMBER, CAMPUS_ID, COURSE_SUFFIX, SECTION_ID, INSTRUCTOR_ID, DAYS_OF_WEEK, START_TIME, END_TIME, BUILDING, ROOM, MAXIMUM_ENROLLMENT)
VALUES (2007,2,'COM','325','WL',' ',3,3001,'MWF',
TO_DATE('10:30','HH24:MI'),TO_DATE('11:20','HH24:MI'),'HEAV','310',50);

INSERT INTO COURSE_SECTION (YEAR, TERM_ID, COURSE_PREFIX, COURSE_NUMBER, CAMPUS_ID, COURSE_SUFFIX, SECTION_ID, INSTRUCTOR_ID, DAYS_OF_WEEK, START_TIME, END_TIME, BUILDING, ROOM, MAXIMUM_ENROLLMENT)
VALUES (2007,2,'COM','325','WL',' ',4,3002,'MWF',
TO_DATE('7:30','HH24:MI'),TO_DATE('8:20','HH24:MI'),'HEAV','320',50);

INSERT INTO COURSE_SECTION (YEAR, TERM_ID, COURSE_PREFIX, COURSE_NUMBER, CAMPUS_ID, COURSE_SUFFIX, SECTION_ID, INSTRUCTOR_ID, DAYS_OF_WEEK, START_TIME, END_TIME, BUILDING, ROOM, MAXIMUM_ENROLLMENT)
VALUES (2007,2,'COM','325','WL',' ',5,3002,'MWF',
TO_DATE('9:30','HH24:MI'),TO_DATE('10:20','HH24:MI'),'HEAV','320',50);

INSERT INTO COURSE_SECTION (YEAR, TERM_ID, COURSE_PREFIX, COURSE_NUMBER, CAMPUS_ID, COURSE_SUFFIX, SECTION_ID, INSTRUCTOR_ID, DAYS_OF_WEEK, START_TIME, END_TIME, BUILDING, ROOM, MAXIMUM_ENROLLMENT)
VALUES (2007,2,'COM','415','WL',' ',1,3002,'MWF',TO_DATE('13:30','HH24:MI'),
TO_DATE('14:20','HH24:MI'),'HEAV','320',50);

INSERT INTO COURSE_SECTION (YEAR, TERM_ID, COURSE_PREFIX, COURSE_NUMBER, CAMPUS_ID, COURSE_SUFFIX, SECTION_ID, INSTRUCTOR_ID, DAYS_OF_WEEK, START_TIME, END_TIME, BUILDING, ROOM, MAXIMUM_ENROLLMENT)
VALUES (2007,2,'CIT','135','WL',' ',1,1001,'WF',TO_DATE('9:30','HH24:MI'),
TO_DATE('10:20','HH24:MI'),'BRWN','300',150);

INSERT INTO COURSE_SECTION (YEAR, TERM_ID, COURSE_PREFIX, COURSE_NUMBER, CAMPUS_ID, COURSE_SUFFIX, SECTION_ID, INSTRUCTOR_ID, DAYS_OF_WEEK, START_TIME, END_TIME, BUILDING, ROOM, MAXIMUM_ENROLLMENT)
VALUES (2007,2,'CIT','135','WL','L',1,1001,'M',
TO_DATE('7:30','HH24:MI'),TO_DATE('9:20','HH24:MI'),'KNOY','208N',24);

INSERT INTO COURSE_SECTION (YEAR, TERM_ID, COURSE_PREFIX, COURSE_NUMBER, CAMPUS_ID, COURSE_SUFFIX, SECTION_ID, INSTRUCTOR_ID, DAYS_OF_WEEK, START_TIME, END_TIME, BUILDING, ROOM, MAXIMUM_ENROLLMENT)
VALUES (2007,2,'CIT','135','WL','L',2,1002,'M',
TO_DATE('7:30','HH24:MI'),TO_DATE('9:20','HH24:MI'),'KNOY','208H',24);

INSERT INTO COURSE_SECTION (YEAR, TERM_ID, COURSE_PREFIX, COURSE_NUMBER, CAMPUS_ID, COURSE_SUFFIX, SECTION_ID, INSTRUCTOR_ID, DAYS_OF_WEEK, START_TIME, END_TIME, BUILDING, ROOM, MAXIMUM_ENROLLMENT)
VALUES (2007,2,'CIT','135','WL','L',3,1001,'M',
TO_DATE('9:30','HH24:MI'),TO_DATE('11:20','HH24:MI'),'KNOY','208N',24);

INSERT INTO COURSE_SECTION (YEAR, TERM_ID, COURSE_PREFIX, COURSE_NUMBER, CAMPUS_ID, COURSE_SUFFIX, SECTION_ID, INSTRUCTOR_ID, DAYS_OF_WEEK, START_TIME, END_TIME, BUILDING, ROOM, MAXIMUM_ENROLLMENT)
VALUES (2007,2,'CIT','135','WL','L',4,1002,'M',
TO_DATE('9:30','HH24:MI'),TO_DATE('11:20','HH24:MI'),'KNOY','208H',24);

INSERT INTO COURSE_SECTION (YEAR, TERM_ID, COURSE_PREFIX, COURSE_NUMBER, CAMPUS_ID, COURSE_SUFFIX, SECTION_ID, INSTRUCTOR_ID, DAYS_OF_WEEK, START_TIME, END_TIME, BUILDING, ROOM, MAXIMUM_ENROLLMENT)
VALUES (2007,2,'CIT','135','WL','L',5,1001,'M',
TO_DATE('13:30','HH24:MI'),TO_DATE('15:20','HH24:MI'),'KNOY','208N',24);

INSERT INTO COURSE_SECTION (YEAR, TERM_ID, COURSE_PREFIX, COURSE_NUMBER, CAMPUS_ID, COURSE_SUFFIX, SECTION_ID, INSTRUCTOR_ID, DAYS_OF_WEEK, START_TIME, END_TIME, BUILDING, ROOM, MAXIMUM_ENROLLMENT)
VALUES (2007,2,'CIT','135','WL','L',6,1002,'M',
TO_DATE('13:30','HH24:MI'),TO_DATE('15:20','HH24:MI'),'KNOY','208H',24);

INSERT INTO COURSE_SECTION (YEAR, TERM_ID, COURSE_PREFIX, COURSE_NUMBER, CAMPUS_ID, COURSE_SUFFIX, SECTION_ID, INSTRUCTOR_ID, DAYS_OF_WEEK, START_TIME, END_TIME, BUILDING, ROOM, MAXIMUM_ENROLLMENT)
VALUES (2007,2,'CIT','145','WL',' ',1,1001,'TR',TO_DATE('9:30','HH24:MI'),
TO_DATE('10:20','HH24:MI'),'BRWN','200',50);

INSERT INTO COURSE_SECTION (YEAR, TERM_ID, COURSE_PREFIX, COURSE_NUMBER, CAMPUS_ID, COURSE_SUFFIX, SECTION_ID, INSTRUCTOR_ID, DAYS_OF_WEEK, START_TIME, END_TIME, BUILDING, ROOM, MAXIMUM_ENROLLMENT)
VALUES (2007,2,'CIT','145','WL','L',1,1004,'W',
TO_DATE('7:30','HH24:MI'),TO_DATE('9:20','HH24:MI'),'KNOY','208N',24);

INSERT INTO COURSE_SECTION (YEAR, TERM_ID, COURSE_PREFIX, COURSE_NUMBER, CAMPUS_ID, COURSE_SUFFIX, SECTION_ID, INSTRUCTOR_ID, DAYS_OF_WEEK, START_TIME, END_TIME, BUILDING, ROOM, MAXIMUM_ENROLLMENT)
VALUES (2007,2,'CIT','145','WL','L',2,1003,'W',
TO_DATE('7:30','HH24:MI'),TO_DATE('9:20','HH24:MI'),'KNOY','208H',24);

INSERT INTO COURSE_SECTION (YEAR, TERM_ID, COURSE_PREFIX, COURSE_NUMBER, CAMPUS_ID, COURSE_SUFFIX, SECTION_ID, INSTRUCTOR_ID, DAYS_OF_WEEK, START_TIME, END_TIME, BUILDING, ROOM, MAXIMUM_ENROLLMENT)
VALUES (2007,2,'CIT','145','WL','L',3,1004,'W',
TO_DATE('9:30','HH24:MI'),TO_DATE('11:20','HH24:MI'),'KNOY','208N',24);

INSERT INTO COURSE_SECTION (YEAR, TERM_ID, COURSE_PREFIX, COURSE_NUMBER, CAMPUS_ID, COURSE_SUFFIX, SECTION_ID, INSTRUCTOR_ID, DAYS_OF_WEEK, START_TIME, END_TIME, BUILDING, ROOM, MAXIMUM_ENROLLMENT)
VALUES (2007,2,'CIT','145','WL','L',4,1003,'W',
TO_DATE('9:30','HH24:MI'),TO_DATE('11:20','HH24:MI'),'KNOY','208H',24);

INSERT INTO COURSE_SECTION (YEAR, TERM_ID, COURSE_PREFIX, COURSE_NUMBER, CAMPUS_ID, COURSE_SUFFIX, SECTION_ID, INSTRUCTOR_ID, DAYS_OF_WEEK, START_TIME, END_TIME, BUILDING, ROOM, MAXIMUM_ENROLLMENT)
VALUES (2007,2,'CIT','145','WL','L',5,1004,'W',
TO_DATE('13:30','HH24:MI'),TO_DATE('15:20','HH24:MI'),'KNOY','208N',24);

INSERT INTO COURSE_SECTION (YEAR, TERM_ID, COURSE_PREFIX, COURSE_NUMBER, CAMPUS_ID, COURSE_SUFFIX, SECTION_ID, INSTRUCTOR_ID, DAYS_OF_WEEK, START_TIME, END_TIME, BUILDING, ROOM, MAXIMUM_ENROLLMENT)
VALUES (2007,2,'CIT','145','WL','L',6,1003,'W',
TO_DATE('13:30','HH24:MI'),TO_DATE('15:20','HH24:MI'),'KNOY','208H',24);

INSERT INTO COURSE_SECTION (YEAR, TERM_ID, COURSE_PREFIX, COURSE_NUMBER, CAMPUS_ID, COURSE_SUFFIX, SECTION_ID, INSTRUCTOR_ID, DAYS_OF_WEEK, START_TIME, END_TIME, BUILDING, ROOM, MAXIMUM_ENROLLMENT)
VALUES (2007,2,'CIT','150','WL',' ',1,1001,'MWF',
TO_DATE('9:30','HH24:MI'),TO_DATE('10:20','HH24:MI'),'HEAV','310',50);

INSERT INTO COURSE_SECTION (YEAR, TERM_ID, COURSE_PREFIX, COURSE_NUMBER, CAMPUS_ID, COURSE_SUFFIX, SECTION_ID, INSTRUCTOR_ID, DAYS_OF_WEEK, START_TIME, END_TIME, BUILDING, ROOM, MAXIMUM_ENROLLMENT)
VALUES (2007,2,'CIT','150','WL','L',1,1003,'W',
TO_DATE('13:30','HH24:MI'),TO_DATE('15:20','HH24:MI'),'KNOY','208H',24);

INSERT INTO COURSE_SECTION (YEAR, TERM_ID, COURSE_PREFIX, COURSE_NUMBER, CAMPUS_ID, COURSE_SUFFIX, SECTION_ID, INSTRUCTOR_ID, DAYS_OF_WEEK, START_TIME, END_TIME, BUILDING, ROOM, MAXIMUM_ENROLLMENT)
VALUES (2007,2,'CIT','172','WL',' ',1,1001,'MWF',
TO_DATE('9:30','HH24:MI'),TO_DATE('10:20','HH24:MI'),'HEAV','310',50);

INSERT INTO COURSE_SECTION (YEAR, TERM_ID, COURSE_PREFIX, COURSE_NUMBER, CAMPUS_ID, COURSE_SUFFIX, SECTION_ID, INSTRUCTOR_ID, DAYS_OF_WEEK, START_TIME, END_TIME, BUILDING, ROOM, MAXIMUM_ENROLLMENT)
VALUES (2007,2,'CIT','172','WL','L',1,1003,'W',
TO_DATE('13:30','HH24:MI'),TO_DATE('15:20','HH24:MI'),'KNOY','208H',24);

INSERT INTO COURSE_SECTION (YEAR, TERM_ID, COURSE_PREFIX, COURSE_NUMBER, CAMPUS_ID, COURSE_SUFFIX, SECTION_ID, INSTRUCTOR_ID, DAYS_OF_WEEK, START_TIME, END_TIME, BUILDING, ROOM, MAXIMUM_ENROLLMENT)
VALUES (2007,2,'CIT','280','WL',' ',1,1001,'MWF',
TO_DATE('9:30','HH24:MI'),TO_DATE('10:20','HH24:MI'),'HEAV','310',50);

INSERT INTO COURSE_SECTION (YEAR, TERM_ID, COURSE_PREFIX, COURSE_NUMBER, CAMPUS_ID, COURSE_SUFFIX, SECTION_ID, INSTRUCTOR_ID, DAYS_OF_WEEK, START_TIME, END_TIME, BUILDING, ROOM, MAXIMUM_ENROLLMENT)
VALUES (2007,2,'CIT','280','WL','L',1,1003,'W',
TO_DATE('13:30','HH24:MI'),TO_DATE('15:20','HH24:MI'),'KNOY','208H',24);

INSERT INTO COURSE_SECTION (YEAR, TERM_ID, COURSE_PREFIX, COURSE_NUMBER, CAMPUS_ID, COURSE_SUFFIX, SECTION_ID, INSTRUCTOR_ID, DAYS_OF_WEEK, START_TIME, END_TIME, BUILDING, ROOM, MAXIMUM_ENROLLMENT)
VALUES (2007,2,'CIT','385','WL',' ',1,1001,'MWF',
TO_DATE('9:30','HH24:MI'),TO_DATE('10:20','HH24:MI'),'HEAV','310',50);

INSERT INTO COURSE_SECTION (YEAR, TERM_ID, COURSE_PREFIX, COURSE_NUMBER, CAMPUS_ID, COURSE_SUFFIX, SECTION_ID, INSTRUCTOR_ID, DAYS_OF_WEEK, START_TIME, END_TIME, BUILDING, ROOM, MAXIMUM_ENROLLMENT)
VALUES (2007,2,'CIT','385','WL','L',1,1003,'W',
TO_DATE('13:30','HH24:MI'),TO_DATE('15:20','HH24:MI'),'KNOY','208H',24);

INSERT INTO COURSE_SECTION (YEAR, TERM_ID, COURSE_PREFIX, COURSE_NUMBER, CAMPUS_ID, COURSE_SUFFIX, SECTION_ID, INSTRUCTOR_ID, DAYS_OF_WEEK, START_TIME, END_TIME, BUILDING, ROOM, MAXIMUM_ENROLLMENT)
VALUES (2007,2,'CIT','482','WL',' ',1,1001,'WF',TO_DATE('9:30','HH24:MI'),
TO_DATE('10:20','HH24:MI'),'EE','218',80);

INSERT INTO COURSE_SECTION (YEAR, TERM_ID, COURSE_PREFIX, COURSE_NUMBER, CAMPUS_ID, COURSE_SUFFIX, SECTION_ID, INSTRUCTOR_ID, DAYS_OF_WEEK, START_TIME, END_TIME, BUILDING, ROOM, MAXIMUM_ENROLLMENT)
VALUES (2007,2,'CIT','482','WL','L',1,1003,'W',
TO_DATE('13:30','HH24:MI'),TO_DATE('15:20','HH24:MI'),'KNOY','208H',24);


INSERT INTO COURSE_SECTION (YEAR, TERM_ID, COURSE_PREFIX, COURSE_NUMBER, CAMPUS_ID, COURSE_SUFFIX, SECTION_ID, INSTRUCTOR_ID, DAYS_OF_WEEK, START_TIME, END_TIME, BUILDING, ROOM, MAXIMUM_ENROLLMENT)
VALUES (2007,3,'CIT','172','WL',' ',1, 1001, 'MTWRF', TO_DATE('9:30','HH24:MI'),TO_DATE('11:20','HH24:MI'),'KNOY','B035',45);

INSERT INTO COURSE_SECTION (YEAR, TERM_ID, COURSE_PREFIX, COURSE_NUMBER, CAMPUS_ID, COURSE_SUFFIX, SECTION_ID, INSTRUCTOR_ID, DAYS_OF_WEEK, START_TIME, END_TIME, BUILDING, ROOM, MAXIMUM_ENROLLMENT)
VALUES (2007,3,'CIT','172','WL','L',1,1001,'MTWRF',
TO_DATE('13:30','HH24:MI'),TO_DATE('15:20','HH24:MI'),'KNOY','208N',24);

INSERT INTO COURSE_SECTION (YEAR, TERM_ID, COURSE_PREFIX, COURSE_NUMBER, CAMPUS_ID, COURSE_SUFFIX, SECTION_ID, INSTRUCTOR_ID, DAYS_OF_WEEK, START_TIME, END_TIME, BUILDING, ROOM, MAXIMUM_ENROLLMENT)
VALUES (2007,3,'CIT','280','WL',' ', 1,1004, 'MTWRF',
TO_DATE('15:30','HH24:MI'),TO_DATE('17:20','HH24:MI'),'KNOY','B035',45);

INSERT INTO COURSE_SECTION (YEAR, TERM_ID, COURSE_PREFIX, COURSE_NUMBER, CAMPUS_ID, COURSE_SUFFIX, SECTION_ID, INSTRUCTOR_ID, DAYS_OF_WEEK, START_TIME, END_TIME, BUILDING, ROOM, MAXIMUM_ENROLLMENT)
VALUES (2007,3,'CIT','280','WL','L',1,1004,'MTWRF',
TO_DATE('7:30','HH24:MI'),TO_DATE('9:20','HH24:MI'),'KNOY','208N',24);


INSERT INTO COURSE_SECTION (YEAR, TERM_ID, COURSE_PREFIX, COURSE_NUMBER, CAMPUS_ID, COURSE_SUFFIX, SECTION_ID, INSTRUCTOR_ID, DAYS_OF_WEEK, START_TIME, END_TIME, BUILDING, ROOM, MAXIMUM_ENROLLMENT)
VALUES (2008,1,'COM','325','WL',' ',1,3001,'MWF',
TO_DATE('8:30','HH24:MI'),TO_DATE('9:20','HH24:MI'),'HEAV','310',50);

INSERT INTO COURSE_SECTION (YEAR, TERM_ID, COURSE_PREFIX, COURSE_NUMBER, CAMPUS_ID, COURSE_SUFFIX, SECTION_ID, INSTRUCTOR_ID, DAYS_OF_WEEK, START_TIME, END_TIME, BUILDING, ROOM, MAXIMUM_ENROLLMENT)
VALUES (2008,1,'COM','325','WL',' ',2,3001,'MWF',
TO_DATE('9:30','HH24:MI'),TO_DATE('10:20','HH24:MI'),'HEAV','310',50);

INSERT INTO COURSE_SECTION (YEAR, TERM_ID, COURSE_PREFIX, COURSE_NUMBER, CAMPUS_ID, COURSE_SUFFIX, SECTION_ID, INSTRUCTOR_ID, DAYS_OF_WEEK, START_TIME, END_TIME, BUILDING, ROOM, MAXIMUM_ENROLLMENT)
VALUES (2008,1,'COM','325','WL',' ',3,3001,'MWF',
TO_DATE('10:30','HH24:MI'),TO_DATE('11:20','HH24:MI'),'HEAV','310',50);

INSERT INTO COURSE_SECTION (YEAR, TERM_ID, COURSE_PREFIX, COURSE_NUMBER, CAMPUS_ID, COURSE_SUFFIX, SECTION_ID, INSTRUCTOR_ID, DAYS_OF_WEEK, START_TIME, END_TIME, BUILDING, ROOM, MAXIMUM_ENROLLMENT)
VALUES (2008,1,'COM','325','WL',' ',4,3002,'MWF',
TO_DATE('7:30','HH24:MI'),TO_DATE('8:20','HH24:MI'),'HEAV','320',50);

INSERT INTO COURSE_SECTION (YEAR, TERM_ID, COURSE_PREFIX, COURSE_NUMBER, CAMPUS_ID, COURSE_SUFFIX, SECTION_ID, INSTRUCTOR_ID, DAYS_OF_WEEK, START_TIME, END_TIME, BUILDING, ROOM, MAXIMUM_ENROLLMENT)
VALUES (2008,1,'COM','325','WL',' ',5,3002,'MWF', TO_DATE('9:30','HH24:MI'),TO_DATE('10:20','HH24:MI'),'HEAV','320',50);

INSERT INTO COURSE_SECTION (YEAR, TERM_ID, COURSE_PREFIX, COURSE_NUMBER, CAMPUS_ID, COURSE_SUFFIX, SECTION_ID, INSTRUCTOR_ID, DAYS_OF_WEEK, START_TIME, END_TIME, BUILDING, ROOM, MAXIMUM_ENROLLMENT)
VALUES (2008,1,'COM','415','WL',' ',1,3002,'MWF', TO_DATE('13:30','HH24:MI'),TO_DATE('14:20','HH24:MI'),'HEAV','320',50);

INSERT INTO COURSE_SECTION (YEAR, TERM_ID, COURSE_PREFIX, COURSE_NUMBER, CAMPUS_ID, COURSE_SUFFIX, SECTION_ID, INSTRUCTOR_ID, DAYS_OF_WEEK, START_TIME, END_TIME, BUILDING, ROOM, MAXIMUM_ENROLLMENT)
VALUES (2008,1,'CIT','135','WL',' ',1,1001,'WF', TO_DATE('9:30','HH24:MI'),TO_DATE('10:20','HH24:MI'),'BRWN','300',150);

INSERT INTO COURSE_SECTION (YEAR, TERM_ID, COURSE_PREFIX, COURSE_NUMBER, CAMPUS_ID, COURSE_SUFFIX, SECTION_ID, INSTRUCTOR_ID, DAYS_OF_WEEK, START_TIME, END_TIME, BUILDING, ROOM, MAXIMUM_ENROLLMENT)
VALUES (2008,1,'CIT','135','WL','L',1,1001,'M',
TO_DATE('7:30','HH24:MI'),TO_DATE('9:20','HH24:MI'),'KNOY','208N',24);

INSERT INTO COURSE_SECTION (YEAR, TERM_ID, COURSE_PREFIX, COURSE_NUMBER, CAMPUS_ID, COURSE_SUFFIX, SECTION_ID, INSTRUCTOR_ID, DAYS_OF_WEEK, START_TIME, END_TIME, BUILDING, ROOM, MAXIMUM_ENROLLMENT)
VALUES (2008,1,'CIT','135','WL','L',2,1002,'M',
TO_DATE('7:30','HH24:MI'),TO_DATE('9:20','HH24:MI'),'KNOY','208H',24);

INSERT INTO COURSE_SECTION (YEAR, TERM_ID, COURSE_PREFIX, COURSE_NUMBER, CAMPUS_ID, COURSE_SUFFIX, SECTION_ID, INSTRUCTOR_ID, DAYS_OF_WEEK, START_TIME, END_TIME, BUILDING, ROOM, MAXIMUM_ENROLLMENT)
VALUES (2008,1,'CIT','135','WL','L',3,1001,'M',
TO_DATE('9:30','HH24:MI'),TO_DATE('11:20','HH24:MI'),'KNOY','208N',24);

INSERT INTO COURSE_SECTION (YEAR, TERM_ID, COURSE_PREFIX, COURSE_NUMBER, CAMPUS_ID, COURSE_SUFFIX, SECTION_ID, INSTRUCTOR_ID, DAYS_OF_WEEK, START_TIME, END_TIME, BUILDING, ROOM, MAXIMUM_ENROLLMENT)
VALUES (2008,1,'CIT','135','WL','L',4,1002,'M',
TO_DATE('9:30','HH24:MI'),TO_DATE('11:20','HH24:MI'),'KNOY','208H',24);

INSERT INTO COURSE_SECTION (YEAR, TERM_ID, COURSE_PREFIX, COURSE_NUMBER, CAMPUS_ID, COURSE_SUFFIX, SECTION_ID, INSTRUCTOR_ID, DAYS_OF_WEEK, START_TIME, END_TIME, BUILDING, ROOM, MAXIMUM_ENROLLMENT)
VALUES (2008,1,'CIT','135','WL','L',5,1001,'M',
TO_DATE('13:30','HH24:MI'),TO_DATE('15:20','HH24:MI'),'KNOY','208N',24);

INSERT INTO COURSE_SECTION (YEAR, TERM_ID, COURSE_PREFIX, COURSE_NUMBER, CAMPUS_ID, COURSE_SUFFIX, SECTION_ID, INSTRUCTOR_ID, DAYS_OF_WEEK, START_TIME, END_TIME, BUILDING, ROOM, MAXIMUM_ENROLLMENT)
VALUES (2008,1,'CIT','135','WL','L',6,1002,'M',
TO_DATE('13:30','HH24:MI'),TO_DATE('15:20','HH24:MI'),'KNOY','208H',24);

INSERT INTO COURSE_SECTION (YEAR, TERM_ID, COURSE_PREFIX, COURSE_NUMBER, CAMPUS_ID, COURSE_SUFFIX, SECTION_ID, INSTRUCTOR_ID, DAYS_OF_WEEK, START_TIME, END_TIME, BUILDING, ROOM, MAXIMUM_ENROLLMENT)
VALUES (2008,1,'CIT','145','WL',' ',1,1001,'TR',
TO_DATE('9:30','HH24:MI'),TO_DATE('10:20','HH24:MI'),'BRWN','200',50);

INSERT INTO COURSE_SECTION (YEAR, TERM_ID, COURSE_PREFIX, COURSE_NUMBER, CAMPUS_ID, COURSE_SUFFIX, SECTION_ID, INSTRUCTOR_ID, DAYS_OF_WEEK, START_TIME, END_TIME, BUILDING, ROOM, MAXIMUM_ENROLLMENT)
VALUES (2008,1,'CIT','145','WL','L',1,1004,'W',
TO_DATE('7:30','HH24:MI'),TO_DATE('9:20','HH24:MI'),'KNOY','208N',24);

INSERT INTO COURSE_SECTION (YEAR, TERM_ID, COURSE_PREFIX, COURSE_NUMBER, CAMPUS_ID, COURSE_SUFFIX, SECTION_ID, INSTRUCTOR_ID, DAYS_OF_WEEK, START_TIME, END_TIME, BUILDING, ROOM, MAXIMUM_ENROLLMENT)
VALUES (2008,1,'CIT','145','WL','L',2,1003,'W',
TO_DATE('7:30','HH24:MI'),TO_DATE('9:20','HH24:MI'),'KNOY','208H',24);

INSERT INTO COURSE_SECTION (YEAR, TERM_ID, COURSE_PREFIX, COURSE_NUMBER, CAMPUS_ID, COURSE_SUFFIX, SECTION_ID, INSTRUCTOR_ID, DAYS_OF_WEEK, START_TIME, END_TIME, BUILDING, ROOM, MAXIMUM_ENROLLMENT)
VALUES (2008,1,'CIT','145','WL','L',3,1004,'W',
TO_DATE('9:30','HH24:MI'),TO_DATE('11:20','HH24:MI'),'KNOY','208N',24);

INSERT INTO COURSE_SECTION (YEAR, TERM_ID, COURSE_PREFIX, COURSE_NUMBER, CAMPUS_ID, COURSE_SUFFIX, SECTION_ID, INSTRUCTOR_ID, DAYS_OF_WEEK, START_TIME, END_TIME, BUILDING, ROOM, MAXIMUM_ENROLLMENT)
VALUES (2008,1,'CIT','145','WL','L',4,1003,'W',
TO_DATE('9:30','HH24:MI'),TO_DATE('11:20','HH24:MI'),'KNOY','208H',24);

INSERT INTO COURSE_SECTION (YEAR, TERM_ID, COURSE_PREFIX, COURSE_NUMBER, CAMPUS_ID, COURSE_SUFFIX, SECTION_ID, INSTRUCTOR_ID, DAYS_OF_WEEK, START_TIME, END_TIME, BUILDING, ROOM, MAXIMUM_ENROLLMENT)
VALUES (2008,1,'CIT','145','WL','L',5,1004,'W',
TO_DATE('13:30','HH24:MI'),TO_DATE('15:20','HH24:MI'),'KNOY','208N',24);

INSERT INTO COURSE_SECTION (YEAR, TERM_ID, COURSE_PREFIX, COURSE_NUMBER, CAMPUS_ID, COURSE_SUFFIX, SECTION_ID, INSTRUCTOR_ID, DAYS_OF_WEEK, START_TIME, END_TIME, BUILDING, ROOM, MAXIMUM_ENROLLMENT)
VALUES (2008,1,'CIT','145','WL','L',6,1003,'W',
TO_DATE('13:30','HH24:MI'),TO_DATE('15:20','HH24:MI'),'KNOY','208H',24);

INSERT INTO COURSE_SECTION (YEAR, TERM_ID, COURSE_PREFIX, COURSE_NUMBER, CAMPUS_ID, COURSE_SUFFIX, SECTION_ID, INSTRUCTOR_ID, DAYS_OF_WEEK, START_TIME, END_TIME, BUILDING, ROOM, MAXIMUM_ENROLLMENT)
VALUES (2008,1,'CIT','150','WL',' ',1,1001,'MWF',
TO_DATE('9:30','HH24:MI'),TO_DATE('10:20','HH24:MI'),'HEAV','310',50);

INSERT INTO COURSE_SECTION (YEAR, TERM_ID, COURSE_PREFIX, COURSE_NUMBER, CAMPUS_ID, COURSE_SUFFIX, SECTION_ID, INSTRUCTOR_ID, DAYS_OF_WEEK, START_TIME, END_TIME, BUILDING, ROOM, MAXIMUM_ENROLLMENT)
VALUES (2008,1,'CIT','150','WL','L',1,1003,'W',
TO_DATE('13:30','HH24:MI'),TO_DATE('15:20','HH24:MI'),'KNOY','208H',24);

INSERT INTO COURSE_SECTION (YEAR, TERM_ID, COURSE_PREFIX, COURSE_NUMBER, CAMPUS_ID, COURSE_SUFFIX, SECTION_ID, INSTRUCTOR_ID, DAYS_OF_WEEK, START_TIME, END_TIME, BUILDING, ROOM, MAXIMUM_ENROLLMENT)
VALUES (2008,1,'CIT','172','WL',' ',1,1001,'MWF',
TO_DATE('9:30','HH24:MI'),TO_DATE('10:20','HH24:MI'),'HEAV','310',50);

INSERT INTO COURSE_SECTION (YEAR, TERM_ID, COURSE_PREFIX, COURSE_NUMBER, CAMPUS_ID, COURSE_SUFFIX, SECTION_ID, INSTRUCTOR_ID, DAYS_OF_WEEK, START_TIME, END_TIME, BUILDING, ROOM, MAXIMUM_ENROLLMENT)
VALUES (2008,1,'CIT','172','WL','L',1,1003,'W',
TO_DATE('13:30','HH24:MI'),TO_DATE('15:20','HH24:MI'),'KNOY','208H',24);

INSERT INTO COURSE_SECTION (YEAR, TERM_ID, COURSE_PREFIX, COURSE_NUMBER, CAMPUS_ID, COURSE_SUFFIX, SECTION_ID, INSTRUCTOR_ID, DAYS_OF_WEEK, START_TIME, END_TIME, BUILDING, ROOM, MAXIMUM_ENROLLMENT)
VALUES (2008,1,'CIT','280','WL',' ',1,1001,'MWF',
TO_DATE('9:30','HH24:MI'),TO_DATE('10:20','HH24:MI'),'HEAV','310',50);

INSERT INTO COURSE_SECTION (YEAR, TERM_ID, COURSE_PREFIX, COURSE_NUMBER, CAMPUS_ID, COURSE_SUFFIX, SECTION_ID, INSTRUCTOR_ID, DAYS_OF_WEEK, START_TIME, END_TIME, BUILDING, ROOM, MAXIMUM_ENROLLMENT)
VALUES (2008,1,'CIT','280','WL','L',1,1003,'W',
TO_DATE('13:30','HH24:MI'),TO_DATE('15:20','HH24:MI'),'KNOY','208H',24);

INSERT INTO COURSE_SECTION (YEAR, TERM_ID, COURSE_PREFIX, COURSE_NUMBER, CAMPUS_ID, COURSE_SUFFIX, SECTION_ID, INSTRUCTOR_ID, DAYS_OF_WEEK, START_TIME, END_TIME, BUILDING, ROOM, MAXIMUM_ENROLLMENT)
VALUES (2008,1,'CIT','380','WL',' ',1,1001,'MWF',
TO_DATE('9:30','HH24:MI'),TO_DATE('10:20','HH24:MI'),'HEAV','310',50);

INSERT INTO COURSE_SECTION (YEAR, TERM_ID, COURSE_PREFIX, COURSE_NUMBER, CAMPUS_ID, COURSE_SUFFIX, SECTION_ID, INSTRUCTOR_ID, DAYS_OF_WEEK, START_TIME, END_TIME, BUILDING, ROOM, MAXIMUM_ENROLLMENT)
VALUES (2008,1,'CIT','380','WL','L',1,1003,'W',
TO_DATE('13:30','HH24:MI'),TO_DATE('15:20','HH24:MI'),'KNOY','208H',24);

INSERT INTO COURSE_SECTION (YEAR, TERM_ID, COURSE_PREFIX, COURSE_NUMBER, CAMPUS_ID, COURSE_SUFFIX, SECTION_ID, INSTRUCTOR_ID, DAYS_OF_WEEK, START_TIME, END_TIME, BUILDING, ROOM, MAXIMUM_ENROLLMENT)
VALUES (2008,1,'CIT','385','WL',' ',1,1001,'MWF',
TO_DATE('9:30','HH24:MI'),TO_DATE('10:20','HH24:MI'),'HEAV','310',50);

INSERT INTO COURSE_SECTION (YEAR, TERM_ID, COURSE_PREFIX, COURSE_NUMBER, CAMPUS_ID, COURSE_SUFFIX, SECTION_ID, INSTRUCTOR_ID, DAYS_OF_WEEK, START_TIME, END_TIME, BUILDING, ROOM, MAXIMUM_ENROLLMENT)
VALUES (2008,1,'CIT','385','WL','L',1,1003,'W',
TO_DATE('13:30','HH24:MI'),TO_DATE('15:20','HH24:MI'),'KNOY','208H',24);


INSERT INTO COURSE_SECTION (YEAR, TERM_ID, COURSE_PREFIX, COURSE_NUMBER, CAMPUS_ID, COURSE_SUFFIX, SECTION_ID, INSTRUCTOR_ID, DAYS_OF_WEEK, START_TIME, END_TIME, BUILDING, ROOM, MAXIMUM_ENROLLMENT)
VALUES (2008,1,'CIT','382','WL',' ',1,1001,'MW',
TO_DATE('9:30','HH24:MI'),TO_DATE('10:20','HH24:MI'),'CIVL','1252',90);

INSERT INTO COURSE_SECTION (YEAR, TERM_ID, COURSE_PREFIX, COURSE_NUMBER, CAMPUS_ID, COURSE_SUFFIX, SECTION_ID, INSTRUCTOR_ID, DAYS_OF_WEEK, START_TIME, END_TIME, BUILDING, ROOM, MAXIMUM_ENROLLMENT)
VALUES (2008,1,'CIT','382','WL','L',1,1003,'W',
TO_DATE('13:30','HH24:MI'),TO_DATE('15:20','HH24:MI'),'KNOY','208H',24);

INSERT INTO COURSE_SECTION (YEAR, TERM_ID, COURSE_PREFIX, COURSE_NUMBER, CAMPUS_ID, COURSE_SUFFIX, SECTION_ID, INSTRUCTOR_ID, DAYS_OF_WEEK, START_TIME, END_TIME, BUILDING, ROOM, MAXIMUM_ENROLLMENT)
VALUES (2008,1,'CIT','482','WL',' ',1,1001,'WF',
TO_DATE('9:30','HH24:MI'),TO_DATE('10:20','HH24:MI'),'EE','218',80);

INSERT INTO COURSE_SECTION (YEAR, TERM_ID, COURSE_PREFIX, COURSE_NUMBER, CAMPUS_ID, COURSE_SUFFIX, SECTION_ID, INSTRUCTOR_ID, DAYS_OF_WEEK, START_TIME, END_TIME, BUILDING, ROOM, MAXIMUM_ENROLLMENT)
VALUES (2008,1,'CIT','482','WL','L',1,1003,'W',
TO_DATE('13:30','HH24:MI'),TO_DATE('15:20','HH24:MI'),'KNOY','208H',24);

INSERT INTO COURSE_SECTION (YEAR, TERM_ID, COURSE_PREFIX, COURSE_NUMBER, CAMPUS_ID, COURSE_SUFFIX, SECTION_ID, INSTRUCTOR_ID, DAYS_OF_WEEK, START_TIME, END_TIME, BUILDING, ROOM, MAXIMUM_ENROLLMENT)
VALUES (2008,1,'CIT','487','WL',' ',1,1001,'MW',
TO_DATE('9:30','HH24:MI'),TO_DATE('10:20','HH24:MI'),'KNOY','B035',45);

INSERT INTO COURSE_SECTION (YEAR, TERM_ID, COURSE_PREFIX, COURSE_NUMBER, CAMPUS_ID, COURSE_SUFFIX, SECTION_ID, INSTRUCTOR_ID, DAYS_OF_WEEK, START_TIME, END_TIME, BUILDING, ROOM, MAXIMUM_ENROLLMENT)
VALUES (2008,1,'CIT','487','WL','L',1,1001,'F',
TO_DATE('9:30','HH24:MI'),TO_DATE('11:20','HH24:MI'),'KNOY','208N',24);


INSERT INTO COURSE_SECTION (YEAR, TERM_ID, COURSE_PREFIX, COURSE_NUMBER, CAMPUS_ID, COURSE_SUFFIX, SECTION_ID, INSTRUCTOR_ID, DAYS_OF_WEEK, START_TIME, END_TIME, BUILDING, ROOM, MAXIMUM_ENROLLMENT)
VALUES (2008,2,'COM','325','WL',' ',1,3001,'MWF',
TO_DATE('8:30','HH24:MI'),TO_DATE('9:20','HH24:MI'),'HEAV','310',50);

INSERT INTO COURSE_SECTION (YEAR, TERM_ID, COURSE_PREFIX, COURSE_NUMBER, CAMPUS_ID, COURSE_SUFFIX, SECTION_ID, INSTRUCTOR_ID, DAYS_OF_WEEK, START_TIME, END_TIME, BUILDING, ROOM, MAXIMUM_ENROLLMENT)
VALUES (2008,2,'COM','325','WL',' ',2,3001,'MWF',
TO_DATE('9:30','HH24:MI'),TO_DATE('10:20','HH24:MI'),'HEAV','310',50);

INSERT INTO COURSE_SECTION (YEAR, TERM_ID, COURSE_PREFIX, COURSE_NUMBER, CAMPUS_ID, COURSE_SUFFIX, SECTION_ID, INSTRUCTOR_ID, DAYS_OF_WEEK, START_TIME, END_TIME, BUILDING, ROOM, MAXIMUM_ENROLLMENT)
VALUES (2008,2,'COM','325','WL',' ',3,3001,'MWF',
TO_DATE('10:30','HH24:MI'),TO_DATE('11:20','HH24:MI'),'HEAV','310',50);

INSERT INTO COURSE_SECTION (YEAR, TERM_ID, COURSE_PREFIX, COURSE_NUMBER, CAMPUS_ID, COURSE_SUFFIX, SECTION_ID, INSTRUCTOR_ID, DAYS_OF_WEEK, START_TIME, END_TIME, BUILDING, ROOM, MAXIMUM_ENROLLMENT)
VALUES (2008,2,'COM','325','WL',' ',4,3002,'MWF',
TO_DATE('7:30','HH24:MI'),TO_DATE('8:20','HH24:MI'),'HEAV','320',50);

INSERT INTO COURSE_SECTION (YEAR, TERM_ID, COURSE_PREFIX, COURSE_NUMBER, CAMPUS_ID, COURSE_SUFFIX, SECTION_ID, INSTRUCTOR_ID, DAYS_OF_WEEK, START_TIME, END_TIME, BUILDING, ROOM, MAXIMUM_ENROLLMENT)
VALUES (2008,2,'COM','325','WL',' ',5,3002,'MWF',
TO_DATE('9:30','HH24:MI'),
TO_DATE('10:20','HH24:MI'),'HEAV','320',50);

INSERT INTO COURSE_SECTION (YEAR, TERM_ID, COURSE_PREFIX, COURSE_NUMBER, CAMPUS_ID, COURSE_SUFFIX, SECTION_ID, INSTRUCTOR_ID, DAYS_OF_WEEK, START_TIME, END_TIME, BUILDING, ROOM, MAXIMUM_ENROLLMENT)
VALUES (2008,2,'COM','415','WL',' ',1,3002,'MWF',
TO_DATE('13:30','HH24:MI'),
TO_DATE('14:20','HH24:MI'),'HEAV','320',50);

INSERT INTO COURSE_SECTION (YEAR, TERM_ID, COURSE_PREFIX, COURSE_NUMBER, CAMPUS_ID, COURSE_SUFFIX, SECTION_ID, INSTRUCTOR_ID, DAYS_OF_WEEK, START_TIME, END_TIME, BUILDING, ROOM, MAXIMUM_ENROLLMENT)
VALUES (2008,2,'CIT','135','WL',' ',1,1001,'WF',
TO_DATE('9:30','HH24:MI'),
TO_DATE('10:20','HH24:MI'),'BRWN','300',150);

INSERT INTO COURSE_SECTION (YEAR, TERM_ID, COURSE_PREFIX, COURSE_NUMBER, CAMPUS_ID, COURSE_SUFFIX, SECTION_ID, INSTRUCTOR_ID, DAYS_OF_WEEK, START_TIME, END_TIME, BUILDING, ROOM, MAXIMUM_ENROLLMENT)
VALUES (2008,2,'CIT','135','WL','L',1,1001,'M',
TO_DATE('7:30','HH24:MI'),TO_DATE('9:20','HH24:MI'),'KNOY','208N',24);

INSERT INTO COURSE_SECTION (YEAR, TERM_ID, COURSE_PREFIX, COURSE_NUMBER, CAMPUS_ID, COURSE_SUFFIX, SECTION_ID, INSTRUCTOR_ID, DAYS_OF_WEEK, START_TIME, END_TIME, BUILDING, ROOM, MAXIMUM_ENROLLMENT)
VALUES (2008,2,'CIT','135','WL','L',2,1002,'M',
TO_DATE('7:30','HH24:MI'),TO_DATE('9:20','HH24:MI'),'KNOY','208H',24);

INSERT INTO COURSE_SECTION (YEAR, TERM_ID, COURSE_PREFIX, COURSE_NUMBER, CAMPUS_ID, COURSE_SUFFIX, SECTION_ID, INSTRUCTOR_ID, DAYS_OF_WEEK, START_TIME, END_TIME, BUILDING, ROOM, MAXIMUM_ENROLLMENT)
VALUES (2008,2,'CIT','135','WL','L',3,1001,'M',
TO_DATE('9:30','HH24:MI'),TO_DATE('11:20','HH24:MI'),'KNOY','208N',24);

INSERT INTO COURSE_SECTION (YEAR, TERM_ID, COURSE_PREFIX, COURSE_NUMBER, CAMPUS_ID, COURSE_SUFFIX, SECTION_ID, INSTRUCTOR_ID, DAYS_OF_WEEK, START_TIME, END_TIME, BUILDING, ROOM, MAXIMUM_ENROLLMENT)
VALUES (2008,2,'CIT','135','WL','L',4,1002,'M',
TO_DATE('9:30','HH24:MI'),TO_DATE('11:20','HH24:MI'),'KNOY','208H',24);

INSERT INTO COURSE_SECTION (YEAR, TERM_ID, COURSE_PREFIX, COURSE_NUMBER, CAMPUS_ID, COURSE_SUFFIX, SECTION_ID, INSTRUCTOR_ID, DAYS_OF_WEEK, START_TIME, END_TIME, BUILDING, ROOM, MAXIMUM_ENROLLMENT)
VALUES (2008,2,'CIT','135','WL','L',5,1001,'M',
TO_DATE('13:30','HH24:MI'),TO_DATE('15:20','HH24:MI'),'KNOY','208N',24);

INSERT INTO COURSE_SECTION (YEAR, TERM_ID, COURSE_PREFIX, COURSE_NUMBER, CAMPUS_ID, COURSE_SUFFIX, SECTION_ID, INSTRUCTOR_ID, DAYS_OF_WEEK, START_TIME, END_TIME, BUILDING, ROOM, MAXIMUM_ENROLLMENT)
VALUES (2008,2,'CIT','135','WL','L',6,1002,'M',
TO_DATE('13:30','HH24:MI'),TO_DATE('15:20','HH24:MI'),'KNOY','208H',24);

INSERT INTO COURSE_SECTION (YEAR, TERM_ID, COURSE_PREFIX, COURSE_NUMBER, CAMPUS_ID, COURSE_SUFFIX, SECTION_ID, INSTRUCTOR_ID, DAYS_OF_WEEK, START_TIME, END_TIME, BUILDING, ROOM, MAXIMUM_ENROLLMENT)
VALUES (2008,2,'CIT','145','WL',' ',1,1001,'TR',
TO_DATE('9:30','HH24:MI'),TO_DATE('10:20','HH24:MI'),'BRWN','200',50);

INSERT INTO COURSE_SECTION (YEAR, TERM_ID, COURSE_PREFIX, COURSE_NUMBER, CAMPUS_ID, COURSE_SUFFIX, SECTION_ID, INSTRUCTOR_ID, DAYS_OF_WEEK, START_TIME, END_TIME, BUILDING, ROOM, MAXIMUM_ENROLLMENT)
VALUES (2008,2,'CIT','145','WL','L',1,1004,'W',
TO_DATE('7:30','HH24:MI'),TO_DATE('9:20','HH24:MI'),'KNOY','208N',24);

INSERT INTO COURSE_SECTION (YEAR, TERM_ID, COURSE_PREFIX, COURSE_NUMBER, CAMPUS_ID, COURSE_SUFFIX, SECTION_ID, INSTRUCTOR_ID, DAYS_OF_WEEK, START_TIME, END_TIME, BUILDING, ROOM, MAXIMUM_ENROLLMENT)
VALUES (2008,2,'CIT','145','WL','L',2,1003,'W',
TO_DATE('7:30','HH24:MI'),TO_DATE('9:20','HH24:MI'),'KNOY','208H',24);

INSERT INTO COURSE_SECTION (YEAR, TERM_ID, COURSE_PREFIX, COURSE_NUMBER, CAMPUS_ID, COURSE_SUFFIX, SECTION_ID, INSTRUCTOR_ID, DAYS_OF_WEEK, START_TIME, END_TIME, BUILDING, ROOM, MAXIMUM_ENROLLMENT)
VALUES (2008,2,'CIT','145','WL','L',3,1004,'W',
TO_DATE('9:30','HH24:MI'),TO_DATE('11:20','HH24:MI'),'KNOY','208N',24);

INSERT INTO COURSE_SECTION (YEAR, TERM_ID, COURSE_PREFIX, COURSE_NUMBER, CAMPUS_ID, COURSE_SUFFIX, SECTION_ID, INSTRUCTOR_ID, DAYS_OF_WEEK, START_TIME, END_TIME, BUILDING, ROOM, MAXIMUM_ENROLLMENT)
VALUES (2008,2,'CIT','145','WL','L',4,1003,'W',
TO_DATE('9:30','HH24:MI'),TO_DATE('11:20','HH24:MI'),'KNOY','208H',24);

INSERT INTO COURSE_SECTION (YEAR, TERM_ID, COURSE_PREFIX, COURSE_NUMBER, CAMPUS_ID, COURSE_SUFFIX, SECTION_ID, INSTRUCTOR_ID, DAYS_OF_WEEK, START_TIME, END_TIME, BUILDING, ROOM, MAXIMUM_ENROLLMENT)
VALUES (2008,2,'CIT','145','WL','L',5,1004,'W',
TO_DATE('13:30','HH24:MI'),TO_DATE('15:20','HH24:MI'),'KNOY','208N',24);

INSERT INTO COURSE_SECTION (YEAR, TERM_ID, COURSE_PREFIX, COURSE_NUMBER, CAMPUS_ID, COURSE_SUFFIX, SECTION_ID, INSTRUCTOR_ID, DAYS_OF_WEEK, START_TIME, END_TIME, BUILDING, ROOM, MAXIMUM_ENROLLMENT)
VALUES (2008,2,'CIT','145','WL','L',6,1003,'W',
TO_DATE('13:30','HH24:MI'),TO_DATE('15:20','HH24:MI'),'KNOY','208H',24);

INSERT INTO COURSE_SECTION (YEAR, TERM_ID, COURSE_PREFIX, COURSE_NUMBER, CAMPUS_ID, COURSE_SUFFIX, SECTION_ID, INSTRUCTOR_ID, DAYS_OF_WEEK, START_TIME, END_TIME, BUILDING, ROOM, MAXIMUM_ENROLLMENT)
VALUES (2008,2,'CIT','150','WL',' ',1,1001,'MWF',
TO_DATE('9:30','HH24:MI'),TO_DATE('10:20','HH24:MI'),'HEAV','310',50);

INSERT INTO COURSE_SECTION (YEAR, TERM_ID, COURSE_PREFIX, COURSE_NUMBER, CAMPUS_ID, COURSE_SUFFIX, SECTION_ID, INSTRUCTOR_ID, DAYS_OF_WEEK, START_TIME, END_TIME, BUILDING, ROOM, MAXIMUM_ENROLLMENT)
VALUES (2008,2,'CIT','150','WL','L',1,1001,'T',TO_DATE('9:30','HH24:MI'),TO_DATE('11:20','HH24:MI'),'KNOY','208N',24);

INSERT INTO COURSE_SECTION (YEAR, TERM_ID, COURSE_PREFIX, COURSE_NUMBER, CAMPUS_ID, COURSE_SUFFIX, SECTION_ID, INSTRUCTOR_ID, DAYS_OF_WEEK, START_TIME, END_TIME, BUILDING, ROOM, MAXIMUM_ENROLLMENT)
VALUES (2008,2,'CIT','172','WL',' ',1,1001,'MWF',
TO_DATE('9:30','HH24:MI'),TO_DATE('10:20','HH24:MI'),'HEAV','310',50);

INSERT INTO COURSE_SECTION (YEAR, TERM_ID, COURSE_PREFIX, COURSE_NUMBER, CAMPUS_ID, COURSE_SUFFIX, SECTION_ID, INSTRUCTOR_ID, DAYS_OF_WEEK, START_TIME, END_TIME, BUILDING, ROOM, MAXIMUM_ENROLLMENT)
VALUES (2008,2,'CIT','172','WL','L',1,1002,'T',
TO_DATE('7:30','HH24:MI'),TO_DATE('9:20','HH24:MI'),'KNOY','208N',24);

INSERT INTO COURSE_SECTION (YEAR, TERM_ID, COURSE_PREFIX, COURSE_NUMBER, CAMPUS_ID, COURSE_SUFFIX, SECTION_ID, INSTRUCTOR_ID, DAYS_OF_WEEK, START_TIME, END_TIME, BUILDING, ROOM, MAXIMUM_ENROLLMENT)
VALUES (2008,2,'CIT','280','WL',' ',1,1001,'MWF',
TO_DATE('9:30','HH24:MI'),TO_DATE('10:20','HH24:MI'),'HEAV','310',50);

INSERT INTO COURSE_SECTION (YEAR, TERM_ID, COURSE_PREFIX, COURSE_NUMBER, CAMPUS_ID, COURSE_SUFFIX, SECTION_ID, INSTRUCTOR_ID, DAYS_OF_WEEK, START_TIME, END_TIME, BUILDING, ROOM, MAXIMUM_ENROLLMENT)
VALUES (2008,2,'CIT','280','WL','L',1,1001,'R',
TO_DATE('9:30','HH24:MI'),TO_DATE('11:20','HH24:MI'),'KNOY','208N',24);

INSERT INTO COURSE_SECTION (YEAR, TERM_ID, COURSE_PREFIX, COURSE_NUMBER, CAMPUS_ID, COURSE_SUFFIX, SECTION_ID, INSTRUCTOR_ID, DAYS_OF_WEEK, START_TIME, END_TIME, BUILDING, ROOM, MAXIMUM_ENROLLMENT)
VALUES (2008,2,'CIT','380','WL',' ',1,1001,'MWF',
TO_DATE('9:30','HH24:MI'),TO_DATE('10:20','HH24:MI'),'HEAV','310',50);

INSERT INTO COURSE_SECTION (YEAR, TERM_ID, COURSE_PREFIX, COURSE_NUMBER, CAMPUS_ID, COURSE_SUFFIX, SECTION_ID, INSTRUCTOR_ID, DAYS_OF_WEEK, START_TIME, END_TIME, BUILDING, ROOM, MAXIMUM_ENROLLMENT)
VALUES (2008,2,'CIT','380','WL','L',1,1001,'R',
TO_DATE('11:30','HH24:MI'),TO_DATE('13:20','HH24:MI'),'KNOY','208N',24);

INSERT INTO COURSE_SECTION (YEAR, TERM_ID, COURSE_PREFIX, COURSE_NUMBER, CAMPUS_ID, COURSE_SUFFIX, SECTION_ID, INSTRUCTOR_ID, DAYS_OF_WEEK, START_TIME, END_TIME, BUILDING, ROOM, MAXIMUM_ENROLLMENT)
VALUES (2008,2,'CIT','385','WL',' ',1,1001,'MWF',
TO_DATE('9:30','HH24:MI'),TO_DATE('10:20','HH24:MI'),'HEAV','310',50);

INSERT INTO COURSE_SECTION (YEAR, TERM_ID, COURSE_PREFIX, COURSE_NUMBER, CAMPUS_ID, COURSE_SUFFIX, SECTION_ID, INSTRUCTOR_ID, DAYS_OF_WEEK, START_TIME, END_TIME, BUILDING, ROOM, MAXIMUM_ENROLLMENT)
VALUES (2008,2,'CIT','385','WL','L',1,1001,'R',
TO_DATE('15:30','HH24:MI'),TO_DATE('17:20','HH24:MI'),'KNOY','208N',24);

INSERT INTO COURSE_SECTION (YEAR, TERM_ID, COURSE_PREFIX, COURSE_NUMBER, CAMPUS_ID, COURSE_SUFFIX, SECTION_ID, INSTRUCTOR_ID, DAYS_OF_WEEK, START_TIME, END_TIME, BUILDING, ROOM, MAXIMUM_ENROLLMENT)
VALUES (2008,2,'CIT','382','WL',' ',1,1001,'MW',
TO_DATE('9:30','HH24:MI'),TO_DATE('10:20','HH24:MI'),'CIVL','1252',90);

INSERT INTO COURSE_SECTION (YEAR, TERM_ID, COURSE_PREFIX, COURSE_NUMBER, CAMPUS_ID, COURSE_SUFFIX, SECTION_ID, INSTRUCTOR_ID, DAYS_OF_WEEK, START_TIME, END_TIME, BUILDING, ROOM, MAXIMUM_ENROLLMENT)
VALUES (2008,2,'CIT','382','WL','L',1,1001,'R',
TO_DATE('7:30','HH24:MI'),TO_DATE('9:20','HH24:MI'),'KNOY','208N',24);

INSERT INTO COURSE_SECTION (YEAR, TERM_ID, COURSE_PREFIX, COURSE_NUMBER, CAMPUS_ID, COURSE_SUFFIX, SECTION_ID, INSTRUCTOR_ID, DAYS_OF_WEEK, START_TIME, END_TIME, BUILDING, ROOM, MAXIMUM_ENROLLMENT)
VALUES (2008,2,'CIT','482','WL',' ',1,1001,'WF',
TO_DATE('9:30','HH24:MI'),TO_DATE('10:20','HH24:MI'),'EE','218',80);

INSERT INTO COURSE_SECTION (YEAR, TERM_ID, COURSE_PREFIX, COURSE_NUMBER, CAMPUS_ID, COURSE_SUFFIX, SECTION_ID, INSTRUCTOR_ID, DAYS_OF_WEEK, START_TIME, END_TIME, BUILDING, ROOM, MAXIMUM_ENROLLMENT)
VALUES (2008,2,'CIT','482','WL','L',1,1001,'T',
TO_DATE('13:30','HH24:MI'),TO_DATE('15:20','HH24:MI'),'KNOY','208N',24);

INSERT INTO COURSE_SECTION (YEAR, TERM_ID, COURSE_PREFIX, COURSE_NUMBER, CAMPUS_ID, COURSE_SUFFIX, SECTION_ID, INSTRUCTOR_ID, DAYS_OF_WEEK, START_TIME, END_TIME, BUILDING, ROOM, MAXIMUM_ENROLLMENT)
VALUES (2008,2,'CIT','487','WL',' ',1,1001,'MW',
TO_DATE('9:30','HH24:MI'),TO_DATE('10:20','HH24:MI'),'KNOY','B035',45);

INSERT INTO COURSE_SECTION (YEAR, TERM_ID, COURSE_PREFIX, COURSE_NUMBER, CAMPUS_ID, COURSE_SUFFIX, SECTION_ID, INSTRUCTOR_ID, DAYS_OF_WEEK, START_TIME, END_TIME, BUILDING, ROOM, MAXIMUM_ENROLLMENT)
VALUES (2008,2,'CIT','487','WL','L',1,1001,'F',
TO_DATE('9:30','HH24:MI'),TO_DATE('11:20','HH24:MI'),'KNOY','208N',24);

COMMIT;

INSERT INTO STUDENT (STUDENT_ID, NAME, DEPARTMENT_ID)
VALUES (999880001,'Student  1','CIT');
INSERT INTO STUDENT (STUDENT_ID, NAME, DEPARTMENT_ID)
VALUES (999880002,'Student  2','CIT');
INSERT INTO STUDENT (STUDENT_ID, NAME, DEPARTMENT_ID)
VALUES (999880003,'Student  3','CIT');
INSERT INTO STUDENT (STUDENT_ID, NAME, DEPARTMENT_ID)
VALUES (999880004,'Student  4','CIT');
INSERT INTO STUDENT (STUDENT_ID, NAME, DEPARTMENT_ID)
VALUES (999880005,'Student  5','CIT');
INSERT INTO STUDENT (STUDENT_ID, NAME, DEPARTMENT_ID)
VALUES (999880006,'Student  6','CIT');
INSERT INTO STUDENT (STUDENT_ID, NAME, DEPARTMENT_ID)
VALUES (999880007,'Student  7','CIT');
INSERT INTO STUDENT (STUDENT_ID, NAME, DEPARTMENT_ID)
VALUES (999880008,'Student  8','CIT');
INSERT INTO STUDENT (STUDENT_ID, NAME, DEPARTMENT_ID)
VALUES (999880009,'Student  9','CIT');
INSERT INTO STUDENT (STUDENT_ID, NAME, DEPARTMENT_ID)
VALUES (999880010,'Student 10','CIT');
INSERT INTO STUDENT (STUDENT_ID, NAME, DEPARTMENT_ID)
VALUES (888770001,'Student 11','CIT');
INSERT INTO STUDENT (STUDENT_ID, NAME, DEPARTMENT_ID)
VALUES (777660001,'Student 12','CIT');
INSERT INTO STUDENT (STUDENT_ID, NAME, DEPARTMENT_ID)
VALUES (666550001,'Student 13','CIT');
INSERT INTO STUDENT (STUDENT_ID, NAME, DEPARTMENT_ID)
VALUES (555440001,'Student 14','CIT');
INSERT INTO STUDENT (STUDENT_ID, NAME, DEPARTMENT_ID)
VALUES (444330001,'Student 15','CIT');
INSERT INTO STUDENT (STUDENT_ID, NAME, DEPARTMENT_ID)
VALUES (333220001,'Student 16','CIT');
INSERT INTO STUDENT (STUDENT_ID, NAME, DEPARTMENT_ID)
VALUES (222110001,'Student 17','CIT');
INSERT INTO STUDENT (STUDENT_ID, NAME, DEPARTMENT_ID)
VALUES (111990001,'Student 18','CIT');
INSERT INTO STUDENT (STUDENT_ID, NAME, DEPARTMENT_ID)
VALUES (888770002,'Student 21','CIT');
INSERT INTO STUDENT (STUDENT_ID, NAME, DEPARTMENT_ID)
VALUES (777660002,'Student 22','CIT');
INSERT INTO STUDENT (STUDENT_ID, NAME, DEPARTMENT_ID)
VALUES (666550002,'Student 23','CIT');
INSERT INTO STUDENT (STUDENT_ID, NAME, DEPARTMENT_ID)
VALUES (555440002,'Student 24','CIT');
INSERT INTO STUDENT (STUDENT_ID, NAME, DEPARTMENT_ID)
VALUES (444330002,'Student 25','CIT');
INSERT INTO STUDENT (STUDENT_ID, NAME, DEPARTMENT_ID)
VALUES (333220002,'Student 26','CIT');
INSERT INTO STUDENT (STUDENT_ID, NAME, DEPARTMENT_ID)
VALUES (222110002,'Student 27','CIT');
INSERT INTO STUDENT (STUDENT_ID, NAME, DEPARTMENT_ID)
VALUES (111990002,'Student 28','CIT');
INSERT INTO STUDENT (STUDENT_ID, NAME, DEPARTMENT_ID)
VALUES (888770003,'Student 31','CIT');
INSERT INTO STUDENT (STUDENT_ID, NAME, DEPARTMENT_ID)
VALUES (777660003,'Student 32','CIT');
INSERT INTO STUDENT (STUDENT_ID, NAME, DEPARTMENT_ID)
VALUES (666550003,'Student 33','CIT');
INSERT INTO STUDENT (STUDENT_ID, NAME, DEPARTMENT_ID)
VALUES (555440003,'Student 34','CIT');
INSERT INTO STUDENT (STUDENT_ID, NAME, DEPARTMENT_ID)
VALUES (444330003,'Student 35','CIT');
INSERT INTO STUDENT (STUDENT_ID, NAME, DEPARTMENT_ID)
VALUES (333220003,'Student 36','CIT');
INSERT INTO STUDENT (STUDENT_ID, NAME, DEPARTMENT_ID)
VALUES (222110003,'Student 37','CIT');
INSERT INTO STUDENT (STUDENT_ID, NAME, DEPARTMENT_ID)
VALUES (111990003,'Student 38','CIT');
INSERT INTO STUDENT (STUDENT_ID, NAME, DEPARTMENT_ID)
VALUES (888770004,'Student 41','CIT');
INSERT INTO STUDENT (STUDENT_ID, NAME, DEPARTMENT_ID)
VALUES (777660004,'Student 42','CIT');
INSERT INTO STUDENT (STUDENT_ID, NAME, DEPARTMENT_ID)
VALUES (666550004,'Student 43','CIT');
INSERT INTO STUDENT (STUDENT_ID, NAME, DEPARTMENT_ID)
VALUES (555440004,'Student 44','CIT');
INSERT INTO STUDENT (STUDENT_ID, NAME, DEPARTMENT_ID)
VALUES (444330004,'Student 45','CIT');
INSERT INTO STUDENT (STUDENT_ID, NAME, DEPARTMENT_ID)
VALUES (333220004,'Student 46','CIT');
INSERT INTO STUDENT (STUDENT_ID, NAME, DEPARTMENT_ID)
VALUES (222110004,'Student 47','CIT');
INSERT INTO STUDENT (STUDENT_ID, NAME, DEPARTMENT_ID)
VALUES (111990004,'Student 48','CIT');

INSERT INTO TERM_ENROLLMENT (YEAR, TERM_ID, STUDENT_ID)
VALUES (2007,1,999880001);
INSERT INTO TERM_ENROLLMENT (YEAR, TERM_ID, STUDENT_ID)
VALUES (2007,2,999880001);
INSERT INTO TERM_ENROLLMENT (YEAR, TERM_ID, STUDENT_ID)
VALUES (2007,3,999880001);
INSERT INTO TERM_ENROLLMENT (YEAR, TERM_ID, STUDENT_ID)
VALUES (2008,1,999880001);
INSERT INTO TERM_ENROLLMENT (YEAR, TERM_ID, STUDENT_ID)
VALUES (2008,2,999880001);
INSERT INTO TERM_ENROLLMENT (YEAR, TERM_ID, STUDENT_ID)
VALUES (2007,1,999880002);
INSERT INTO TERM_ENROLLMENT (YEAR, TERM_ID, STUDENT_ID)
VALUES (2008,1,999880002);
INSERT INTO TERM_ENROLLMENT (YEAR, TERM_ID, STUDENT_ID)
VALUES (2008,2,999880002);
INSERT INTO TERM_ENROLLMENT (YEAR, TERM_ID, STUDENT_ID)
VALUES (2008,1,999880003);
INSERT INTO TERM_ENROLLMENT (YEAR, TERM_ID, STUDENT_ID)
VALUES (2008,2,999880003);
INSERT INTO TERM_ENROLLMENT (YEAR, TERM_ID, STUDENT_ID)
VALUES (2007,1,999880004);
INSERT INTO TERM_ENROLLMENT (YEAR, TERM_ID, STUDENT_ID)
VALUES (2008,1,999880004);
INSERT INTO TERM_ENROLLMENT (YEAR, TERM_ID, STUDENT_ID)
VALUES (2007,1,999880005);
INSERT INTO TERM_ENROLLMENT (YEAR, TERM_ID, STUDENT_ID)
VALUES (2007,2,999880005);
INSERT INTO TERM_ENROLLMENT (YEAR, TERM_ID, STUDENT_ID)
VALUES (2007,3,999880006);
INSERT INTO TERM_ENROLLMENT (YEAR, TERM_ID, STUDENT_ID)
VALUES (2008,1,999880006);
INSERT INTO TERM_ENROLLMENT (YEAR, TERM_ID, STUDENT_ID)
VALUES (2008,2,999880006);
INSERT INTO TERM_ENROLLMENT (YEAR, TERM_ID, STUDENT_ID)
VALUES (2008,1,999880007);
INSERT INTO TERM_ENROLLMENT (YEAR, TERM_ID, STUDENT_ID)
VALUES (2008,2,999880007);
INSERT INTO TERM_ENROLLMENT (YEAR, TERM_ID, STUDENT_ID)
VALUES (2008,1,999880008);
INSERT INTO TERM_ENROLLMENT (YEAR, TERM_ID, STUDENT_ID)
VALUES (2007,1,999880009);
INSERT INTO TERM_ENROLLMENT (YEAR, TERM_ID, STUDENT_ID)
VALUES (2008,1,999880009);

INSERT INTO TERM_ENROLLMENT (YEAR, TERM_ID, STUDENT_ID)
VALUES (2007,1,888770001);
INSERT INTO TERM_ENROLLMENT (YEAR, TERM_ID, STUDENT_ID)
VALUES (2007,2,888770001);
INSERT INTO TERM_ENROLLMENT (YEAR, TERM_ID, STUDENT_ID)
VALUES (2007,3,888770001);
INSERT INTO TERM_ENROLLMENT (YEAR, TERM_ID, STUDENT_ID)
VALUES (2008,1,888770001);
INSERT INTO TERM_ENROLLMENT (YEAR, TERM_ID, STUDENT_ID)
VALUES (2008,2,888770001);

INSERT INTO TERM_ENROLLMENT (YEAR, TERM_ID, STUDENT_ID)
VALUES (2007,1,777660001);
INSERT INTO TERM_ENROLLMENT (YEAR, TERM_ID, STUDENT_ID)
VALUES (2007,2,777660001);
INSERT INTO TERM_ENROLLMENT (YEAR, TERM_ID, STUDENT_ID)
VALUES (2007,3,777660001);
INSERT INTO TERM_ENROLLMENT (YEAR, TERM_ID, STUDENT_ID)
VALUES (2008,1,777660001);
INSERT INTO TERM_ENROLLMENT (YEAR, TERM_ID, STUDENT_ID)
VALUES (2008,2,777660001);

INSERT INTO TERM_ENROLLMENT (YEAR, TERM_ID, STUDENT_ID)
VALUES (2007,1,666550001);
INSERT INTO TERM_ENROLLMENT (YEAR, TERM_ID, STUDENT_ID)
VALUES (2007,2,666550001);
INSERT INTO TERM_ENROLLMENT (YEAR, TERM_ID, STUDENT_ID)
VALUES (2007,3,666550001);
INSERT INTO TERM_ENROLLMENT (YEAR, TERM_ID, STUDENT_ID)
VALUES (2008,1,666550001);
INSERT INTO TERM_ENROLLMENT (YEAR, TERM_ID, STUDENT_ID)
VALUES (2008,2,666550001);

INSERT INTO TERM_ENROLLMENT (YEAR, TERM_ID, STUDENT_ID)
VALUES (2007,1,555440001);
INSERT INTO TERM_ENROLLMENT (YEAR, TERM_ID, STUDENT_ID)
VALUES (2007,2,555440001);
INSERT INTO TERM_ENROLLMENT (YEAR, TERM_ID, STUDENT_ID)
VALUES (2007,3,555440001);
INSERT INTO TERM_ENROLLMENT (YEAR, TERM_ID, STUDENT_ID)
VALUES (2008,1,555440001);
INSERT INTO TERM_ENROLLMENT (YEAR, TERM_ID, STUDENT_ID)
VALUES (2008,2,555440001);

INSERT INTO TERM_ENROLLMENT (YEAR, TERM_ID, STUDENT_ID)
VALUES (2007,1,444330001);
INSERT INTO TERM_ENROLLMENT (YEAR, TERM_ID, STUDENT_ID)
VALUES (2007,2,444330001);
INSERT INTO TERM_ENROLLMENT (YEAR, TERM_ID, STUDENT_ID)
VALUES (2007,3,444330001);
INSERT INTO TERM_ENROLLMENT (YEAR, TERM_ID, STUDENT_ID)
VALUES (2008,1,444330001);
INSERT INTO TERM_ENROLLMENT (YEAR, TERM_ID, STUDENT_ID)
VALUES (2008,2,444330001);

INSERT INTO TERM_ENROLLMENT (YEAR, TERM_ID, STUDENT_ID)
VALUES (2007,1,333220001);
INSERT INTO TERM_ENROLLMENT (YEAR, TERM_ID, STUDENT_ID)
VALUES (2007,2,333220001);
INSERT INTO TERM_ENROLLMENT (YEAR, TERM_ID, STUDENT_ID)
VALUES (2007,3,333220001);
INSERT INTO TERM_ENROLLMENT (YEAR, TERM_ID, STUDENT_ID)
VALUES (2008,1,333220001);
INSERT INTO TERM_ENROLLMENT (YEAR, TERM_ID, STUDENT_ID)
VALUES (2008,2,333220001);

INSERT INTO TERM_ENROLLMENT (YEAR, TERM_ID, STUDENT_ID)
VALUES (2007,1,222110001);
INSERT INTO TERM_ENROLLMENT (YEAR, TERM_ID, STUDENT_ID)
VALUES (2007,2,222110001);
INSERT INTO TERM_ENROLLMENT (YEAR, TERM_ID, STUDENT_ID)
VALUES (2007,3,222110001);
INSERT INTO TERM_ENROLLMENT (YEAR, TERM_ID, STUDENT_ID)
VALUES (2008,1,222110001);
INSERT INTO TERM_ENROLLMENT (YEAR, TERM_ID, STUDENT_ID)
VALUES (2008,2,222110001);

INSERT INTO TERM_ENROLLMENT (YEAR, TERM_ID, STUDENT_ID)
VALUES (2007,1,111990001);
INSERT INTO TERM_ENROLLMENT (YEAR, TERM_ID, STUDENT_ID)
VALUES (2007,2,111990001);
INSERT INTO TERM_ENROLLMENT (YEAR, TERM_ID, STUDENT_ID)
VALUES (2007,3,111990001);
INSERT INTO TERM_ENROLLMENT (YEAR, TERM_ID, STUDENT_ID)
VALUES (2008,1,111990001);
INSERT INTO TERM_ENROLLMENT (YEAR, TERM_ID, STUDENT_ID)
VALUES (2008,2,111990001);

INSERT INTO TERM_ENROLLMENT (YEAR, TERM_ID, STUDENT_ID)
VALUES (2007,1,888770002);
INSERT INTO TERM_ENROLLMENT (YEAR, TERM_ID, STUDENT_ID)
VALUES (2007,2,888770002);
INSERT INTO TERM_ENROLLMENT (YEAR, TERM_ID, STUDENT_ID)
VALUES (2007,3,888770002);
INSERT INTO TERM_ENROLLMENT (YEAR, TERM_ID, STUDENT_ID)
VALUES (2008,1,888770002);
INSERT INTO TERM_ENROLLMENT (YEAR, TERM_ID, STUDENT_ID)
VALUES (2008,2,888770002);

INSERT INTO TERM_ENROLLMENT (YEAR, TERM_ID, STUDENT_ID)
VALUES (2007,1,777660002);
INSERT INTO TERM_ENROLLMENT (YEAR, TERM_ID, STUDENT_ID)
VALUES (2007,2,777660002);
INSERT INTO TERM_ENROLLMENT (YEAR, TERM_ID, STUDENT_ID)
VALUES (2007,3,777660002);
INSERT INTO TERM_ENROLLMENT (YEAR, TERM_ID, STUDENT_ID)
VALUES (2008,1,777660002);
INSERT INTO TERM_ENROLLMENT (YEAR, TERM_ID, STUDENT_ID)
VALUES (2008,2,777660002);

INSERT INTO TERM_ENROLLMENT (YEAR, TERM_ID, STUDENT_ID)
VALUES (2007,1,666550002);
INSERT INTO TERM_ENROLLMENT (YEAR, TERM_ID, STUDENT_ID)
VALUES (2007,2,666550002);
INSERT INTO TERM_ENROLLMENT (YEAR, TERM_ID, STUDENT_ID)
VALUES (2007,3,666550002);
INSERT INTO TERM_ENROLLMENT (YEAR, TERM_ID, STUDENT_ID)
VALUES (2008,1,666550002);
INSERT INTO TERM_ENROLLMENT (YEAR, TERM_ID, STUDENT_ID)
VALUES (2008,2,666550002);

INSERT INTO TERM_ENROLLMENT (YEAR, TERM_ID, STUDENT_ID)
VALUES (2007,1,555440002);
INSERT INTO TERM_ENROLLMENT (YEAR, TERM_ID, STUDENT_ID)
VALUES (2007,2,555440002);
INSERT INTO TERM_ENROLLMENT (YEAR, TERM_ID, STUDENT_ID)
VALUES (2007,3,555440002);
INSERT INTO TERM_ENROLLMENT (YEAR, TERM_ID, STUDENT_ID)
VALUES (2008,1,555440002);
INSERT INTO TERM_ENROLLMENT (YEAR, TERM_ID, STUDENT_ID)
VALUES (2008,2,555440002);

INSERT INTO TERM_ENROLLMENT (YEAR, TERM_ID, STUDENT_ID)
VALUES (2007,1,444330002);
INSERT INTO TERM_ENROLLMENT (YEAR, TERM_ID, STUDENT_ID)
VALUES (2007,2,444330002);
INSERT INTO TERM_ENROLLMENT (YEAR, TERM_ID, STUDENT_ID)
VALUES (2007,3,444330002);
INSERT INTO TERM_ENROLLMENT (YEAR, TERM_ID, STUDENT_ID)
VALUES (2008,1,444330002);
INSERT INTO TERM_ENROLLMENT (YEAR, TERM_ID, STUDENT_ID)
VALUES (2008,2,444330002);

INSERT INTO TERM_ENROLLMENT (YEAR, TERM_ID, STUDENT_ID)
VALUES (2007,1,333220002);
INSERT INTO TERM_ENROLLMENT (YEAR, TERM_ID, STUDENT_ID)
VALUES (2007,2,333220002);
INSERT INTO TERM_ENROLLMENT (YEAR, TERM_ID, STUDENT_ID)
VALUES (2007,3,333220002);
INSERT INTO TERM_ENROLLMENT (YEAR, TERM_ID, STUDENT_ID)
VALUES (2008,1,333220002);
INSERT INTO TERM_ENROLLMENT (YEAR, TERM_ID, STUDENT_ID)
VALUES (2008,2,333220002);

INSERT INTO TERM_ENROLLMENT (YEAR, TERM_ID, STUDENT_ID)
VALUES (2007,1,222110002);
INSERT INTO TERM_ENROLLMENT (YEAR, TERM_ID, STUDENT_ID)
VALUES (2007,2,222110002);
INSERT INTO TERM_ENROLLMENT (YEAR, TERM_ID, STUDENT_ID)
VALUES (2007,3,222110002);
INSERT INTO TERM_ENROLLMENT (YEAR, TERM_ID, STUDENT_ID)
VALUES (2008,1,222110002);
INSERT INTO TERM_ENROLLMENT (YEAR, TERM_ID, STUDENT_ID)
VALUES (2008,2,222110002);

INSERT INTO TERM_ENROLLMENT (YEAR, TERM_ID, STUDENT_ID)
VALUES (2007,1,111990002);
INSERT INTO TERM_ENROLLMENT (YEAR, TERM_ID, STUDENT_ID)
VALUES (2007,2,111990002);
INSERT INTO TERM_ENROLLMENT (YEAR, TERM_ID, STUDENT_ID)
VALUES (2007,3,111990002);
INSERT INTO TERM_ENROLLMENT (YEAR, TERM_ID, STUDENT_ID)
VALUES (2008,1,111990002);
INSERT INTO TERM_ENROLLMENT (YEAR, TERM_ID, STUDENT_ID)
VALUES (2008,2,111990002);

INSERT INTO TERM_ENROLLMENT (YEAR, TERM_ID, STUDENT_ID)
VALUES (2007,1,888770003);
INSERT INTO TERM_ENROLLMENT (YEAR, TERM_ID, STUDENT_ID)
VALUES (2007,2,888770003);
INSERT INTO TERM_ENROLLMENT (YEAR, TERM_ID, STUDENT_ID)
VALUES (2007,3,888770003);
INSERT INTO TERM_ENROLLMENT (YEAR, TERM_ID, STUDENT_ID)
VALUES (2008,1,888770003);
INSERT INTO TERM_ENROLLMENT (YEAR, TERM_ID, STUDENT_ID)
VALUES (2008,2,888770003);

INSERT INTO TERM_ENROLLMENT (YEAR, TERM_ID, STUDENT_ID)
VALUES (2007,1,777660003);
INSERT INTO TERM_ENROLLMENT (YEAR, TERM_ID, STUDENT_ID)
VALUES (2007,2,777660003);
INSERT INTO TERM_ENROLLMENT (YEAR, TERM_ID, STUDENT_ID)
VALUES (2007,3,777660003);
INSERT INTO TERM_ENROLLMENT (YEAR, TERM_ID, STUDENT_ID)
VALUES (2008,1,777660003);
INSERT INTO TERM_ENROLLMENT (YEAR, TERM_ID, STUDENT_ID)
VALUES (2008,2,777660003);

INSERT INTO TERM_ENROLLMENT (YEAR, TERM_ID, STUDENT_ID)
VALUES (2007,1,666550003);
INSERT INTO TERM_ENROLLMENT (YEAR, TERM_ID, STUDENT_ID)
VALUES (2007,2,666550003);
INSERT INTO TERM_ENROLLMENT (YEAR, TERM_ID, STUDENT_ID)
VALUES (2007,3,666550003);
INSERT INTO TERM_ENROLLMENT (YEAR, TERM_ID, STUDENT_ID)
VALUES (2008,1,666550003);
INSERT INTO TERM_ENROLLMENT (YEAR, TERM_ID, STUDENT_ID)
VALUES (2008,2,666550003);

INSERT INTO TERM_ENROLLMENT (YEAR, TERM_ID, STUDENT_ID)
VALUES (2007,1,555440003);
INSERT INTO TERM_ENROLLMENT (YEAR, TERM_ID, STUDENT_ID)
VALUES (2007,2,555440003);
INSERT INTO TERM_ENROLLMENT (YEAR, TERM_ID, STUDENT_ID)
VALUES (2007,3,555440003);
INSERT INTO TERM_ENROLLMENT (YEAR, TERM_ID, STUDENT_ID)
VALUES (2008,1,555440003);
INSERT INTO TERM_ENROLLMENT (YEAR, TERM_ID, STUDENT_ID)
VALUES (2008,2,555440003);

INSERT INTO TERM_ENROLLMENT (YEAR, TERM_ID, STUDENT_ID)
VALUES (2007,1,444330003);
INSERT INTO TERM_ENROLLMENT (YEAR, TERM_ID, STUDENT_ID)
VALUES (2007,2,444330003);
INSERT INTO TERM_ENROLLMENT (YEAR, TERM_ID, STUDENT_ID)
VALUES (2007,3,444330003);
INSERT INTO TERM_ENROLLMENT (YEAR, TERM_ID, STUDENT_ID)
VALUES (2008,1,444330003);
INSERT INTO TERM_ENROLLMENT (YEAR, TERM_ID, STUDENT_ID)
VALUES (2008,2,444330003);

INSERT INTO TERM_ENROLLMENT (YEAR, TERM_ID, STUDENT_ID)
VALUES (2007,1,333220003);
INSERT INTO TERM_ENROLLMENT (YEAR, TERM_ID, STUDENT_ID)
VALUES (2007,2,333220003);
INSERT INTO TERM_ENROLLMENT (YEAR, TERM_ID, STUDENT_ID)
VALUES (2007,3,333220003);
INSERT INTO TERM_ENROLLMENT (YEAR, TERM_ID, STUDENT_ID)
VALUES (2008,1,333220003);
INSERT INTO TERM_ENROLLMENT (YEAR, TERM_ID, STUDENT_ID)
VALUES (2008,2,333220003);

INSERT INTO TERM_ENROLLMENT (YEAR, TERM_ID, STUDENT_ID)
VALUES (2007,1,222110003);
INSERT INTO TERM_ENROLLMENT (YEAR, TERM_ID, STUDENT_ID)
VALUES (2007,2,222110003);
INSERT INTO TERM_ENROLLMENT (YEAR, TERM_ID, STUDENT_ID)
VALUES (2007,3,222110003);
INSERT INTO TERM_ENROLLMENT (YEAR, TERM_ID, STUDENT_ID)
VALUES (2008,1,222110003);
INSERT INTO TERM_ENROLLMENT (YEAR, TERM_ID, STUDENT_ID)
VALUES (2008,2,222110003);

INSERT INTO TERM_ENROLLMENT (YEAR, TERM_ID, STUDENT_ID)
VALUES (2007,1,111990003);
INSERT INTO TERM_ENROLLMENT (YEAR, TERM_ID, STUDENT_ID)
VALUES (2007,2,111990003);
INSERT INTO TERM_ENROLLMENT (YEAR, TERM_ID, STUDENT_ID)
VALUES (2007,3,111990003);
INSERT INTO TERM_ENROLLMENT (YEAR, TERM_ID, STUDENT_ID)
VALUES (2008,1,111990003);
INSERT INTO TERM_ENROLLMENT (YEAR, TERM_ID, STUDENT_ID)
VALUES (2008,2,111990003);

INSERT INTO TERM_ENROLLMENT (YEAR, TERM_ID, STUDENT_ID)
VALUES (2007,1,888770004);
INSERT INTO TERM_ENROLLMENT (YEAR, TERM_ID, STUDENT_ID)
VALUES (2007,2,888770004);
INSERT INTO TERM_ENROLLMENT (YEAR, TERM_ID, STUDENT_ID)
VALUES (2007,3,888770004);
INSERT INTO TERM_ENROLLMENT (YEAR, TERM_ID, STUDENT_ID)
VALUES (2008,1,888770004);
INSERT INTO TERM_ENROLLMENT (YEAR, TERM_ID, STUDENT_ID)
VALUES (2008,2,888770004);

INSERT INTO TERM_ENROLLMENT (YEAR, TERM_ID, STUDENT_ID)
VALUES (2007,1,777660004);
INSERT INTO TERM_ENROLLMENT (YEAR, TERM_ID, STUDENT_ID)
VALUES (2007,2,777660004);
INSERT INTO TERM_ENROLLMENT (YEAR, TERM_ID, STUDENT_ID)
VALUES (2007,3,777660004);
INSERT INTO TERM_ENROLLMENT (YEAR, TERM_ID, STUDENT_ID)
VALUES (2008,1,777660004);
INSERT INTO TERM_ENROLLMENT (YEAR, TERM_ID, STUDENT_ID)
VALUES (2008,2,777660004);

INSERT INTO TERM_ENROLLMENT (YEAR, TERM_ID, STUDENT_ID)
VALUES (2007,1,666550004);
INSERT INTO TERM_ENROLLMENT (YEAR, TERM_ID, STUDENT_ID)
VALUES (2007,2,666550004);
INSERT INTO TERM_ENROLLMENT (YEAR, TERM_ID, STUDENT_ID)
VALUES (2007,3,666550004);
INSERT INTO TERM_ENROLLMENT (YEAR, TERM_ID, STUDENT_ID)
VALUES (2008,1,666550004);
INSERT INTO TERM_ENROLLMENT (YEAR, TERM_ID, STUDENT_ID)
VALUES (2008,2,666550004);

INSERT INTO TERM_ENROLLMENT (YEAR, TERM_ID, STUDENT_ID)
VALUES (2007,1,555440004);
INSERT INTO TERM_ENROLLMENT (YEAR, TERM_ID, STUDENT_ID)
VALUES (2007,2,555440004);
INSERT INTO TERM_ENROLLMENT (YEAR, TERM_ID, STUDENT_ID)
VALUES (2007,3,555440004);
INSERT INTO TERM_ENROLLMENT (YEAR, TERM_ID, STUDENT_ID)
VALUES (2008,1,555440004);
INSERT INTO TERM_ENROLLMENT (YEAR, TERM_ID, STUDENT_ID)
VALUES (2008,2,555440004);

INSERT INTO TERM_ENROLLMENT (YEAR, TERM_ID, STUDENT_ID)
VALUES (2007,1,444330004);
INSERT INTO TERM_ENROLLMENT (YEAR, TERM_ID, STUDENT_ID)
VALUES (2007,2,444330004);
INSERT INTO TERM_ENROLLMENT (YEAR, TERM_ID, STUDENT_ID)
VALUES (2007,3,444330004);
INSERT INTO TERM_ENROLLMENT (YEAR, TERM_ID, STUDENT_ID)
VALUES (2008,1,444330004);
INSERT INTO TERM_ENROLLMENT (YEAR, TERM_ID, STUDENT_ID)
VALUES (2008,2,444330004);

INSERT INTO TERM_ENROLLMENT (YEAR, TERM_ID, STUDENT_ID)
VALUES (2007,1,333220004);
INSERT INTO TERM_ENROLLMENT (YEAR, TERM_ID, STUDENT_ID)
VALUES (2007,2,333220004);
INSERT INTO TERM_ENROLLMENT (YEAR, TERM_ID, STUDENT_ID)
VALUES (2007,3,333220004);
INSERT INTO TERM_ENROLLMENT (YEAR, TERM_ID, STUDENT_ID)
VALUES (2008,1,333220004);
INSERT INTO TERM_ENROLLMENT (YEAR, TERM_ID, STUDENT_ID)
VALUES (2008,2,333220004);

INSERT INTO TERM_ENROLLMENT (YEAR, TERM_ID, STUDENT_ID)
VALUES (2007,1,222110004);
INSERT INTO TERM_ENROLLMENT (YEAR, TERM_ID, STUDENT_ID)
VALUES (2007,2,222110004);
INSERT INTO TERM_ENROLLMENT (YEAR, TERM_ID, STUDENT_ID)
VALUES (2007,3,222110004);
INSERT INTO TERM_ENROLLMENT (YEAR, TERM_ID, STUDENT_ID)
VALUES (2008,1,222110004);
INSERT INTO TERM_ENROLLMENT (YEAR, TERM_ID, STUDENT_ID)
VALUES (2008,2,222110004);

INSERT INTO TERM_ENROLLMENT (YEAR, TERM_ID, STUDENT_ID)
VALUES (2007,1,111990004);
INSERT INTO TERM_ENROLLMENT (YEAR, TERM_ID, STUDENT_ID)
VALUES (2007,2,111990004);
INSERT INTO TERM_ENROLLMENT (YEAR, TERM_ID, STUDENT_ID)
VALUES (2007,3,111990004);
INSERT INTO TERM_ENROLLMENT (YEAR, TERM_ID, STUDENT_ID)
VALUES (2008,1,111990004);
INSERT INTO TERM_ENROLLMENT (YEAR, TERM_ID, STUDENT_ID)
VALUES (2008,2,111990004);

COMMIT;

INSERT INTO COURSE_ENROLLMENT (YEAR, TERM_ID, STUDENT_ID, COURSE_PREFIX, COURSE_NUMBER, CAMPUS_ID)
VALUES (2007,1,999880001,'COM','325','WL');
INSERT INTO COURSE_ENROLLMENT (YEAR, TERM_ID, STUDENT_ID, COURSE_PREFIX, COURSE_NUMBER, CAMPUS_ID)
VALUES (2007,2,999880001,'COM','415','WL');
INSERT INTO COURSE_ENROLLMENT (YEAR, TERM_ID, STUDENT_ID, COURSE_PREFIX, COURSE_NUMBER, CAMPUS_ID)
VALUES (2008,1,999880002,'COM','325','WL');
INSERT INTO COURSE_ENROLLMENT (YEAR, TERM_ID, STUDENT_ID, COURSE_PREFIX, COURSE_NUMBER, CAMPUS_ID)
VALUES (2008,2,999880002,'COM','415','WL');
INSERT INTO COURSE_ENROLLMENT (YEAR, TERM_ID, STUDENT_ID, COURSE_PREFIX, COURSE_NUMBER, CAMPUS_ID)
VALUES (2008,1,999880003,'COM','325','WL');
INSERT INTO COURSE_ENROLLMENT (YEAR, TERM_ID, STUDENT_ID, COURSE_PREFIX, COURSE_NUMBER, CAMPUS_ID)
VALUES (2008,2,999880003,'COM','415','WL');
INSERT INTO COURSE_ENROLLMENT (YEAR, TERM_ID, STUDENT_ID, COURSE_PREFIX, COURSE_NUMBER, CAMPUS_ID)
VALUES (2007,1,999880004,'COM','325','WL');
INSERT INTO COURSE_ENROLLMENT (YEAR, TERM_ID, STUDENT_ID, COURSE_PREFIX, COURSE_NUMBER, CAMPUS_ID)
VALUES (2008,1,999880004,'COM','415','WL');
INSERT INTO COURSE_ENROLLMENT (YEAR, TERM_ID, STUDENT_ID, COURSE_PREFIX, COURSE_NUMBER, CAMPUS_ID)
VALUES (2007,1,999880005,'COM','325','WL');
INSERT INTO COURSE_ENROLLMENT (YEAR, TERM_ID, STUDENT_ID, COURSE_PREFIX, COURSE_NUMBER, CAMPUS_ID)
VALUES (2007,2,999880005,'COM','415','WL');
INSERT INTO COURSE_ENROLLMENT (YEAR, TERM_ID, STUDENT_ID, COURSE_PREFIX, COURSE_NUMBER, CAMPUS_ID)
VALUES (2007,3,999880006,'COM','325','WL');
INSERT INTO COURSE_ENROLLMENT (YEAR, TERM_ID, STUDENT_ID, COURSE_PREFIX, COURSE_NUMBER, CAMPUS_ID)
VALUES (2008,1,999880006,'COM','415','WL');
INSERT INTO COURSE_ENROLLMENT (YEAR, TERM_ID, STUDENT_ID, COURSE_PREFIX, COURSE_NUMBER, CAMPUS_ID)
VALUES (2008,2,999880006,'COM','325','WL');
INSERT INTO COURSE_ENROLLMENT (YEAR, TERM_ID, STUDENT_ID, COURSE_PREFIX, COURSE_NUMBER, CAMPUS_ID)
VALUES (2008,1,999880007,'COM','325','WL');
INSERT INTO COURSE_ENROLLMENT (YEAR, TERM_ID, STUDENT_ID, COURSE_PREFIX, COURSE_NUMBER, CAMPUS_ID)
VALUES (2008,2,999880007,'COM','415','WL');
INSERT INTO COURSE_ENROLLMENT (YEAR, TERM_ID, STUDENT_ID, COURSE_PREFIX, COURSE_NUMBER, CAMPUS_ID)
VALUES (2008,1,999880008,'COM','325','WL');
INSERT INTO COURSE_ENROLLMENT (YEAR, TERM_ID, STUDENT_ID, COURSE_PREFIX, COURSE_NUMBER, CAMPUS_ID)
VALUES (2008,1,999880008,'COM','415','WL');
INSERT INTO COURSE_ENROLLMENT (YEAR, TERM_ID, STUDENT_ID, COURSE_PREFIX, COURSE_NUMBER, CAMPUS_ID)
VALUES (2007,1,999880009,'COM','325','WL');
INSERT INTO COURSE_ENROLLMENT (YEAR, TERM_ID, STUDENT_ID, COURSE_PREFIX, COURSE_NUMBER, CAMPUS_ID)
VALUES (2008,1,999880009,'COM','415','WL');

INSERT INTO COURSE_ENROLLMENT (YEAR, TERM_ID, STUDENT_ID, COURSE_PREFIX, COURSE_NUMBER, CAMPUS_ID)
VALUES (2007,1,888770001,'CIT','135','WL');
INSERT INTO COURSE_ENROLLMENT (YEAR, TERM_ID, STUDENT_ID, COURSE_PREFIX, COURSE_NUMBER, CAMPUS_ID)
VALUES (2007,2,888770001,'CIT','145','WL');
INSERT INTO COURSE_ENROLLMENT (YEAR, TERM_ID, STUDENT_ID, COURSE_PREFIX, COURSE_NUMBER, CAMPUS_ID)
VALUES (2007,3,888770001,'CIT','172','WL');

INSERT INTO COURSE_ENROLLMENT (YEAR, TERM_ID, STUDENT_ID, COURSE_PREFIX, COURSE_NUMBER, CAMPUS_ID)
VALUES (2007,1,777660001,'CIT','135','WL');
INSERT INTO COURSE_ENROLLMENT (YEAR, TERM_ID, STUDENT_ID, COURSE_PREFIX, COURSE_NUMBER, CAMPUS_ID)
VALUES (2007,2,777660001,'CIT','145','WL');
INSERT INTO COURSE_ENROLLMENT (YEAR, TERM_ID, STUDENT_ID, COURSE_PREFIX, COURSE_NUMBER, CAMPUS_ID)
VALUES (2007,3,777660001,'CIT','172','WL');

INSERT INTO COURSE_ENROLLMENT (YEAR, TERM_ID, STUDENT_ID, COURSE_PREFIX, COURSE_NUMBER, CAMPUS_ID)
VALUES (2007,1,666550001,'CIT','135','WL');
INSERT INTO COURSE_ENROLLMENT (YEAR, TERM_ID, STUDENT_ID, COURSE_PREFIX, COURSE_NUMBER, CAMPUS_ID)
VALUES (2007,2,666550001,'CIT','145','WL');
INSERT INTO COURSE_ENROLLMENT (YEAR, TERM_ID, STUDENT_ID, COURSE_PREFIX, COURSE_NUMBER, CAMPUS_ID)
VALUES (2007,3,666550001,'CIT','172','WL');

INSERT INTO COURSE_ENROLLMENT (YEAR, TERM_ID, STUDENT_ID, COURSE_PREFIX, COURSE_NUMBER, CAMPUS_ID)
VALUES (2007,1,555440001,'CIT','135','WL');
INSERT INTO COURSE_ENROLLMENT (YEAR, TERM_ID, STUDENT_ID, COURSE_PREFIX, COURSE_NUMBER, CAMPUS_ID)
VALUES (2007,2,555440001,'CIT','145','WL');
INSERT INTO COURSE_ENROLLMENT (YEAR, TERM_ID, STUDENT_ID, COURSE_PREFIX, COURSE_NUMBER, CAMPUS_ID)
VALUES (2007,3,555440001,'CIT','172','WL');

INSERT INTO COURSE_ENROLLMENT (YEAR, TERM_ID, STUDENT_ID, COURSE_PREFIX, COURSE_NUMBER, CAMPUS_ID)
VALUES (2007,1,444330001,'CIT','135','WL');
INSERT INTO COURSE_ENROLLMENT (YEAR, TERM_ID, STUDENT_ID, COURSE_PREFIX, COURSE_NUMBER, CAMPUS_ID)
VALUES (2007,2,444330001,'CIT','145','WL');
INSERT INTO COURSE_ENROLLMENT (YEAR, TERM_ID, STUDENT_ID, COURSE_PREFIX, COURSE_NUMBER, CAMPUS_ID)
VALUES (2007,3,444330001,'CIT','172','WL');

INSERT INTO COURSE_ENROLLMENT (YEAR, TERM_ID, STUDENT_ID, COURSE_PREFIX, COURSE_NUMBER, CAMPUS_ID)
VALUES (2007,1,333220001,'CIT','135','WL');
INSERT INTO COURSE_ENROLLMENT (YEAR, TERM_ID, STUDENT_ID, COURSE_PREFIX, COURSE_NUMBER, CAMPUS_ID)
VALUES (2007,2,333220001,'CIT','145','WL');
INSERT INTO COURSE_ENROLLMENT (YEAR, TERM_ID, STUDENT_ID, COURSE_PREFIX, COURSE_NUMBER, CAMPUS_ID)
VALUES (2007,3,333220001,'CIT','172','WL');

INSERT INTO COURSE_ENROLLMENT (YEAR, TERM_ID, STUDENT_ID, COURSE_PREFIX, COURSE_NUMBER, CAMPUS_ID)
VALUES (2007,1,222110001,'CIT','135','WL');
INSERT INTO COURSE_ENROLLMENT (YEAR, TERM_ID, STUDENT_ID, COURSE_PREFIX, COURSE_NUMBER, CAMPUS_ID)
VALUES (2007,2,222110001,'CIT','145','WL');
INSERT INTO COURSE_ENROLLMENT (YEAR, TERM_ID, STUDENT_ID, COURSE_PREFIX, COURSE_NUMBER, CAMPUS_ID)
VALUES (2007,3,222110001,'CIT','172','WL');

INSERT INTO COURSE_ENROLLMENT (YEAR, TERM_ID, STUDENT_ID, COURSE_PREFIX, COURSE_NUMBER, CAMPUS_ID)
VALUES (2007,1,111990001,'CIT','135','WL');
INSERT INTO COURSE_ENROLLMENT (YEAR, TERM_ID, STUDENT_ID, COURSE_PREFIX, COURSE_NUMBER, CAMPUS_ID)
VALUES (2007,2,111990001,'CIT','145','WL');
INSERT INTO COURSE_ENROLLMENT (YEAR, TERM_ID, STUDENT_ID, COURSE_PREFIX, COURSE_NUMBER, CAMPUS_ID)
VALUES (2007,3,111990001,'CIT','172','WL');

INSERT INTO COURSE_ENROLLMENT (YEAR, TERM_ID, STUDENT_ID, COURSE_PREFIX, COURSE_NUMBER, CAMPUS_ID)
VALUES (2007,1,888770002,'CIT','135','WL');
INSERT INTO COURSE_ENROLLMENT (YEAR, TERM_ID, STUDENT_ID, COURSE_PREFIX, COURSE_NUMBER, CAMPUS_ID)
VALUES (2007,2,888770002,'CIT','145','WL');
INSERT INTO COURSE_ENROLLMENT (YEAR, TERM_ID, STUDENT_ID, COURSE_PREFIX, COURSE_NUMBER, CAMPUS_ID)
VALUES (2007,3,888770002,'CIT','172','WL');

INSERT INTO COURSE_ENROLLMENT (YEAR, TERM_ID, STUDENT_ID, COURSE_PREFIX, COURSE_NUMBER, CAMPUS_ID)
VALUES (2007,1,777660002,'CIT','135','WL');
INSERT INTO COURSE_ENROLLMENT (YEAR, TERM_ID, STUDENT_ID, COURSE_PREFIX, COURSE_NUMBER, CAMPUS_ID)
VALUES (2007,2,777660002,'CIT','145','WL');
INSERT INTO COURSE_ENROLLMENT (YEAR, TERM_ID, STUDENT_ID, COURSE_PREFIX, COURSE_NUMBER, CAMPUS_ID)
VALUES (2007,3,777660002,'CIT','172','WL');

INSERT INTO COURSE_ENROLLMENT (YEAR, TERM_ID, STUDENT_ID, COURSE_PREFIX, COURSE_NUMBER, CAMPUS_ID)
VALUES (2007,1,666550002,'CIT','135','WL');
INSERT INTO COURSE_ENROLLMENT (YEAR, TERM_ID, STUDENT_ID, COURSE_PREFIX, COURSE_NUMBER, CAMPUS_ID)
VALUES (2007,2,666550002,'CIT','145','WL');
INSERT INTO COURSE_ENROLLMENT (YEAR, TERM_ID, STUDENT_ID, COURSE_PREFIX, COURSE_NUMBER, CAMPUS_ID)
VALUES (2007,3,666550002,'CIT','172','WL');

INSERT INTO COURSE_ENROLLMENT (YEAR, TERM_ID, STUDENT_ID, COURSE_PREFIX, COURSE_NUMBER, CAMPUS_ID)
VALUES (2007,1,555440002,'CIT','135','WL');
INSERT INTO COURSE_ENROLLMENT (YEAR, TERM_ID, STUDENT_ID, COURSE_PREFIX, COURSE_NUMBER, CAMPUS_ID)
VALUES (2007,2,555440002,'CIT','145','WL');
INSERT INTO COURSE_ENROLLMENT (YEAR, TERM_ID, STUDENT_ID, COURSE_PREFIX, COURSE_NUMBER, CAMPUS_ID)
VALUES (2007,3,555440002,'CIT','172','WL');

INSERT INTO COURSE_ENROLLMENT (YEAR, TERM_ID, STUDENT_ID, COURSE_PREFIX, COURSE_NUMBER, CAMPUS_ID)
VALUES (2007,1,444330002,'CIT','135','WL');
INSERT INTO COURSE_ENROLLMENT (YEAR, TERM_ID, STUDENT_ID, COURSE_PREFIX, COURSE_NUMBER, CAMPUS_ID)
VALUES (2007,2,444330002,'CIT','145','WL');
INSERT INTO COURSE_ENROLLMENT (YEAR, TERM_ID, STUDENT_ID, COURSE_PREFIX, COURSE_NUMBER, CAMPUS_ID)
VALUES (2007,3,444330002,'CIT','172','WL');

INSERT INTO COURSE_ENROLLMENT (YEAR, TERM_ID, STUDENT_ID, COURSE_PREFIX, COURSE_NUMBER, CAMPUS_ID)
VALUES (2007,1,333220002,'CIT','135','WL');
INSERT INTO COURSE_ENROLLMENT (YEAR, TERM_ID, STUDENT_ID, COURSE_PREFIX, COURSE_NUMBER, CAMPUS_ID)
VALUES (2007,2,333220002,'CIT','145','WL');
INSERT INTO COURSE_ENROLLMENT (YEAR, TERM_ID, STUDENT_ID, COURSE_PREFIX, COURSE_NUMBER, CAMPUS_ID)
VALUES (2007,3,333220002,'CIT','172','WL');

INSERT INTO COURSE_ENROLLMENT (YEAR, TERM_ID, STUDENT_ID, COURSE_PREFIX, COURSE_NUMBER, CAMPUS_ID)
VALUES (2007,1,222110002,'CIT','135','WL');
INSERT INTO COURSE_ENROLLMENT (YEAR, TERM_ID, STUDENT_ID, COURSE_PREFIX, COURSE_NUMBER, CAMPUS_ID)
VALUES (2007,2,222110002,'CIT','145','WL');
INSERT INTO COURSE_ENROLLMENT (YEAR, TERM_ID, STUDENT_ID, COURSE_PREFIX, COURSE_NUMBER, CAMPUS_ID)
VALUES (2007,3,222110002,'CIT','172','WL');

INSERT INTO COURSE_ENROLLMENT (YEAR, TERM_ID, STUDENT_ID, COURSE_PREFIX, COURSE_NUMBER, CAMPUS_ID)
VALUES (2007,1,111990002,'CIT','135','WL');
INSERT INTO COURSE_ENROLLMENT (YEAR, TERM_ID, STUDENT_ID, COURSE_PREFIX, COURSE_NUMBER, CAMPUS_ID)
VALUES (2007,2,111990002,'CIT','145','WL');
INSERT INTO COURSE_ENROLLMENT (YEAR, TERM_ID, STUDENT_ID, COURSE_PREFIX, COURSE_NUMBER, CAMPUS_ID)
VALUES (2007,3,111990002,'CIT','172','WL');

INSERT INTO COURSE_ENROLLMENT (YEAR, TERM_ID, STUDENT_ID, COURSE_PREFIX, COURSE_NUMBER, CAMPUS_ID)
VALUES (2007,1,888770003,'CIT','135','WL');
INSERT INTO COURSE_ENROLLMENT (YEAR, TERM_ID, STUDENT_ID, COURSE_PREFIX, COURSE_NUMBER, CAMPUS_ID)
VALUES (2007,2,888770003,'CIT','145','WL');
INSERT INTO COURSE_ENROLLMENT (YEAR, TERM_ID, STUDENT_ID, COURSE_PREFIX, COURSE_NUMBER, CAMPUS_ID)
VALUES (2007,3,888770003,'CIT','172','WL');

INSERT INTO COURSE_ENROLLMENT (YEAR, TERM_ID, STUDENT_ID, COURSE_PREFIX, COURSE_NUMBER, CAMPUS_ID)
VALUES (2007,1,777660003,'CIT','135','WL');
INSERT INTO COURSE_ENROLLMENT (YEAR, TERM_ID, STUDENT_ID, COURSE_PREFIX, COURSE_NUMBER, CAMPUS_ID)
VALUES (2007,2,777660003,'CIT','145','WL');
INSERT INTO COURSE_ENROLLMENT (YEAR, TERM_ID, STUDENT_ID, COURSE_PREFIX, COURSE_NUMBER, CAMPUS_ID)
VALUES (2007,3,777660003,'CIT','172','WL');

INSERT INTO COURSE_ENROLLMENT (YEAR, TERM_ID, STUDENT_ID, COURSE_PREFIX, COURSE_NUMBER, CAMPUS_ID)
VALUES (2007,1,666550003,'CIT','135','WL');
INSERT INTO COURSE_ENROLLMENT (YEAR, TERM_ID, STUDENT_ID, COURSE_PREFIX, COURSE_NUMBER, CAMPUS_ID)
VALUES (2007,2,666550003,'CIT','145','WL');
INSERT INTO COURSE_ENROLLMENT (YEAR, TERM_ID, STUDENT_ID, COURSE_PREFIX, COURSE_NUMBER, CAMPUS_ID)
VALUES (2007,3,666550003,'CIT','172','WL');

INSERT INTO COURSE_ENROLLMENT (YEAR, TERM_ID, STUDENT_ID, COURSE_PREFIX, COURSE_NUMBER, CAMPUS_ID)
VALUES (2007,1,555440003,'CIT','135','WL');
INSERT INTO COURSE_ENROLLMENT (YEAR, TERM_ID, STUDENT_ID, COURSE_PREFIX, COURSE_NUMBER, CAMPUS_ID)
VALUES (2007,2,555440003,'CIT','145','WL');
INSERT INTO COURSE_ENROLLMENT (YEAR, TERM_ID, STUDENT_ID, COURSE_PREFIX, COURSE_NUMBER, CAMPUS_ID)
VALUES (2007,3,555440003,'CIT','172','WL');

INSERT INTO COURSE_ENROLLMENT (YEAR, TERM_ID, STUDENT_ID, COURSE_PREFIX, COURSE_NUMBER, CAMPUS_ID)
VALUES (2007,1,444330003,'CIT','135','WL');
INSERT INTO COURSE_ENROLLMENT (YEAR, TERM_ID, STUDENT_ID, COURSE_PREFIX, COURSE_NUMBER, CAMPUS_ID)
VALUES (2007,2,444330003,'CIT','145','WL');
INSERT INTO COURSE_ENROLLMENT (YEAR, TERM_ID, STUDENT_ID, COURSE_PREFIX, COURSE_NUMBER, CAMPUS_ID)
VALUES (2007,3,444330003,'CIT','172','WL');

INSERT INTO COURSE_ENROLLMENT (YEAR, TERM_ID, STUDENT_ID, COURSE_PREFIX, COURSE_NUMBER, CAMPUS_ID)
VALUES (2007,1,333220003,'CIT','135','WL');
INSERT INTO COURSE_ENROLLMENT (YEAR, TERM_ID, STUDENT_ID, COURSE_PREFIX, COURSE_NUMBER, CAMPUS_ID)
VALUES (2007,2,333220003,'CIT','145','WL');
INSERT INTO COURSE_ENROLLMENT (YEAR, TERM_ID, STUDENT_ID, COURSE_PREFIX, COURSE_NUMBER, CAMPUS_ID)
VALUES (2007,3,333220003,'CIT','172','WL');

INSERT INTO COURSE_ENROLLMENT (YEAR, TERM_ID, STUDENT_ID, COURSE_PREFIX, COURSE_NUMBER, CAMPUS_ID)
VALUES (2007,1,222110003,'CIT','135','WL');
INSERT INTO COURSE_ENROLLMENT (YEAR, TERM_ID, STUDENT_ID, COURSE_PREFIX, COURSE_NUMBER, CAMPUS_ID)
VALUES (2007,2,222110003,'CIT','145','WL');
INSERT INTO COURSE_ENROLLMENT (YEAR, TERM_ID, STUDENT_ID, COURSE_PREFIX, COURSE_NUMBER, CAMPUS_ID)
VALUES (2007,3,222110003,'CIT','172','WL');

INSERT INTO COURSE_ENROLLMENT (YEAR, TERM_ID, STUDENT_ID, COURSE_PREFIX, COURSE_NUMBER, CAMPUS_ID)
VALUES (2007,1,111990003,'CIT','135','WL');
INSERT INTO COURSE_ENROLLMENT (YEAR, TERM_ID, STUDENT_ID, COURSE_PREFIX, COURSE_NUMBER, CAMPUS_ID)
VALUES (2007,2,111990003,'CIT','145','WL');
INSERT INTO COURSE_ENROLLMENT (YEAR, TERM_ID, STUDENT_ID, COURSE_PREFIX, COURSE_NUMBER, CAMPUS_ID)
VALUES (2007,3,111990003,'CIT','172','WL');

INSERT INTO COURSE_ENROLLMENT (YEAR, TERM_ID, STUDENT_ID, COURSE_PREFIX, COURSE_NUMBER, CAMPUS_ID)
VALUES (2007,1,888770004,'CIT','135','WL');
INSERT INTO COURSE_ENROLLMENT (YEAR, TERM_ID, STUDENT_ID, COURSE_PREFIX, COURSE_NUMBER, CAMPUS_ID)
VALUES (2007,2,888770004,'CIT','145','WL');
INSERT INTO COURSE_ENROLLMENT (YEAR, TERM_ID, STUDENT_ID, COURSE_PREFIX, COURSE_NUMBER, CAMPUS_ID)
VALUES (2007,3,888770004,'CIT','172','WL');

INSERT INTO COURSE_ENROLLMENT (YEAR, TERM_ID, STUDENT_ID, COURSE_PREFIX, COURSE_NUMBER, CAMPUS_ID)
VALUES (2007,1,777660004,'CIT','135','WL');
INSERT INTO COURSE_ENROLLMENT (YEAR, TERM_ID, STUDENT_ID, COURSE_PREFIX, COURSE_NUMBER, CAMPUS_ID)
VALUES (2007,2,777660004,'CIT','145','WL');
INSERT INTO COURSE_ENROLLMENT (YEAR, TERM_ID, STUDENT_ID, COURSE_PREFIX, COURSE_NUMBER, CAMPUS_ID)
VALUES (2007,3,777660004,'CIT','172','WL');

INSERT INTO COURSE_ENROLLMENT (YEAR, TERM_ID, STUDENT_ID, COURSE_PREFIX, COURSE_NUMBER, CAMPUS_ID)
VALUES (2007,1,666550004,'CIT','135','WL');
INSERT INTO COURSE_ENROLLMENT (YEAR, TERM_ID, STUDENT_ID, COURSE_PREFIX, COURSE_NUMBER, CAMPUS_ID)
VALUES (2007,2,666550004,'CIT','145','WL');
INSERT INTO COURSE_ENROLLMENT (YEAR, TERM_ID, STUDENT_ID, COURSE_PREFIX, COURSE_NUMBER, CAMPUS_ID)
VALUES (2007,3,666550004,'CIT','172','WL');

INSERT INTO COURSE_ENROLLMENT (YEAR, TERM_ID, STUDENT_ID, COURSE_PREFIX, COURSE_NUMBER, CAMPUS_ID)
VALUES (2007,1,555440004,'CIT','135','WL');
INSERT INTO COURSE_ENROLLMENT (YEAR, TERM_ID, STUDENT_ID, COURSE_PREFIX, COURSE_NUMBER, CAMPUS_ID)
VALUES (2007,2,555440004,'CIT','145','WL');
INSERT INTO COURSE_ENROLLMENT (YEAR, TERM_ID, STUDENT_ID, COURSE_PREFIX, COURSE_NUMBER, CAMPUS_ID)
VALUES (2007,3,555440004,'CIT','172','WL');

INSERT INTO COURSE_ENROLLMENT (YEAR, TERM_ID, STUDENT_ID, COURSE_PREFIX, COURSE_NUMBER, CAMPUS_ID)
VALUES (2007,1,444330004,'CIT','135','WL');
INSERT INTO COURSE_ENROLLMENT (YEAR, TERM_ID, STUDENT_ID, COURSE_PREFIX, COURSE_NUMBER, CAMPUS_ID)
VALUES (2007,2,444330004,'CIT','145','WL');
INSERT INTO COURSE_ENROLLMENT (YEAR, TERM_ID, STUDENT_ID, COURSE_PREFIX, COURSE_NUMBER, CAMPUS_ID)
VALUES (2007,3,444330004,'CIT','172','WL');

INSERT INTO COURSE_ENROLLMENT (YEAR, TERM_ID, STUDENT_ID, COURSE_PREFIX, COURSE_NUMBER, CAMPUS_ID)
VALUES (2007,1,333220004,'CIT','135','WL');
INSERT INTO COURSE_ENROLLMENT (YEAR, TERM_ID, STUDENT_ID, COURSE_PREFIX, COURSE_NUMBER, CAMPUS_ID)
VALUES (2007,2,333220004,'CIT','145','WL');
INSERT INTO COURSE_ENROLLMENT (YEAR, TERM_ID, STUDENT_ID, COURSE_PREFIX, COURSE_NUMBER, CAMPUS_ID)
VALUES (2007,3,333220004,'CIT','172','WL');

INSERT INTO COURSE_ENROLLMENT (YEAR, TERM_ID, STUDENT_ID, COURSE_PREFIX, COURSE_NUMBER, CAMPUS_ID)
VALUES (2007,1,222110004,'CIT','135','WL');
INSERT INTO COURSE_ENROLLMENT (YEAR, TERM_ID, STUDENT_ID, COURSE_PREFIX, COURSE_NUMBER, CAMPUS_ID)
VALUES (2007,2,222110004,'CIT','145','WL');
INSERT INTO COURSE_ENROLLMENT (YEAR, TERM_ID, STUDENT_ID, COURSE_PREFIX, COURSE_NUMBER, CAMPUS_ID)
VALUES (2007,3,222110004,'CIT','172','WL');

INSERT INTO COURSE_ENROLLMENT (YEAR, TERM_ID, STUDENT_ID, COURSE_PREFIX, COURSE_NUMBER, CAMPUS_ID)
VALUES (2007,1,111990004,'CIT','135','WL');
INSERT INTO COURSE_ENROLLMENT (YEAR, TERM_ID, STUDENT_ID, COURSE_PREFIX, COURSE_NUMBER, CAMPUS_ID)
VALUES (2007,2,111990004,'CIT','145','WL');
INSERT INTO COURSE_ENROLLMENT (YEAR, TERM_ID, STUDENT_ID, COURSE_PREFIX, COURSE_NUMBER, CAMPUS_ID)
VALUES (2007,3,111990004,'CIT','172','WL');

INSERT INTO COURSE_ENROLLMENT (YEAR, TERM_ID, STUDENT_ID, COURSE_PREFIX, COURSE_NUMBER, CAMPUS_ID)
VALUES (2007,1,999880001,'CIT','135','WL');
INSERT INTO COURSE_ENROLLMENT (YEAR, TERM_ID, STUDENT_ID, COURSE_PREFIX, COURSE_NUMBER, CAMPUS_ID)
VALUES (2007,2,999880001,'CIT','145','WL');
INSERT INTO COURSE_ENROLLMENT (YEAR, TERM_ID, STUDENT_ID, COURSE_PREFIX, COURSE_NUMBER, CAMPUS_ID)
VALUES (2007,3,999880001,'CIT','172','WL');
INSERT INTO COURSE_ENROLLMENT (YEAR, TERM_ID, STUDENT_ID, COURSE_PREFIX, COURSE_NUMBER, CAMPUS_ID)
VALUES (2007,3,999880001,'CIT','280','WL');
INSERT INTO COURSE_ENROLLMENT (YEAR, TERM_ID, STUDENT_ID, COURSE_PREFIX, COURSE_NUMBER, CAMPUS_ID)
VALUES (2008,1,999880001,'CIT','380','WL');
INSERT INTO COURSE_ENROLLMENT (YEAR, TERM_ID, STUDENT_ID, COURSE_PREFIX, COURSE_NUMBER, CAMPUS_ID)
VALUES (2008,1,999880001,'CIT','382','WL');
INSERT INTO COURSE_ENROLLMENT (YEAR, TERM_ID, STUDENT_ID, COURSE_PREFIX, COURSE_NUMBER, CAMPUS_ID)
VALUES (2008,2,999880001,'CIT','385','WL');
INSERT INTO COURSE_ENROLLMENT (YEAR, TERM_ID, STUDENT_ID, COURSE_PREFIX, COURSE_NUMBER, CAMPUS_ID)
VALUES (2008,2,999880001,'CIT','482','WL');
INSERT INTO COURSE_ENROLLMENT (YEAR, TERM_ID, STUDENT_ID, COURSE_PREFIX, COURSE_NUMBER, CAMPUS_ID)
VALUES (2007,1,999880002,'CIT','135','WL');
INSERT INTO COURSE_ENROLLMENT (YEAR, TERM_ID, STUDENT_ID, COURSE_PREFIX, COURSE_NUMBER, CAMPUS_ID)
VALUES (2008,1,999880002,'CIT','145','WL');
INSERT INTO COURSE_ENROLLMENT (YEAR, TERM_ID, STUDENT_ID, COURSE_PREFIX, COURSE_NUMBER, CAMPUS_ID)
VALUES (2008,2,999880002,'CIT','172','WL');
INSERT INTO COURSE_ENROLLMENT (YEAR, TERM_ID, STUDENT_ID, COURSE_PREFIX, COURSE_NUMBER, CAMPUS_ID)
VALUES (2008,1,999880003,'CIT','135','WL');
INSERT INTO COURSE_ENROLLMENT (YEAR, TERM_ID, STUDENT_ID, COURSE_PREFIX, COURSE_NUMBER, CAMPUS_ID)
VALUES (2008,2,999880003,'CIT','145','WL');
INSERT INTO COURSE_ENROLLMENT (YEAR, TERM_ID, STUDENT_ID, COURSE_PREFIX, COURSE_NUMBER, CAMPUS_ID)
VALUES (2007,1,999880004,'CIT','380','WL');
INSERT INTO COURSE_ENROLLMENT (YEAR, TERM_ID, STUDENT_ID, COURSE_PREFIX, COURSE_NUMBER, CAMPUS_ID)
VALUES (2008,1,999880004,'CIT','385','WL');
INSERT INTO COURSE_ENROLLMENT (YEAR, TERM_ID, STUDENT_ID, COURSE_PREFIX, COURSE_NUMBER, CAMPUS_ID)
VALUES (2007,1,999880005,'CIT','380','WL');
INSERT INTO COURSE_ENROLLMENT (YEAR, TERM_ID, STUDENT_ID, COURSE_PREFIX, COURSE_NUMBER, CAMPUS_ID)
VALUES (2007,2,999880005,'CIT','385','WL');
INSERT INTO COURSE_ENROLLMENT (YEAR, TERM_ID, STUDENT_ID, COURSE_PREFIX, COURSE_NUMBER, CAMPUS_ID)
VALUES (2007,3,999880006,'CIT','172','WL');
INSERT INTO COURSE_ENROLLMENT (YEAR, TERM_ID, STUDENT_ID, COURSE_PREFIX, COURSE_NUMBER, CAMPUS_ID)
VALUES (2008,1,999880006,'CIT','280','WL');
INSERT INTO COURSE_ENROLLMENT (YEAR, TERM_ID, STUDENT_ID, COURSE_PREFIX, COURSE_NUMBER, CAMPUS_ID)
VALUES (2008,2,999880006,'CIT','380','WL');
INSERT INTO COURSE_ENROLLMENT (YEAR, TERM_ID, STUDENT_ID, COURSE_PREFIX, COURSE_NUMBER, CAMPUS_ID)
VALUES (2008,1,999880007,'CIT','380','WL');
INSERT INTO COURSE_ENROLLMENT (YEAR, TERM_ID, STUDENT_ID, COURSE_PREFIX, COURSE_NUMBER, CAMPUS_ID)
VALUES (2008,2,999880007,'CIT','385','WL');
INSERT INTO COURSE_ENROLLMENT (YEAR, TERM_ID, STUDENT_ID, COURSE_PREFIX, COURSE_NUMBER, CAMPUS_ID)
VALUES (2008,1,999880008,'CIT','487','WL');
INSERT INTO COURSE_ENROLLMENT (YEAR, TERM_ID, STUDENT_ID, COURSE_PREFIX, COURSE_NUMBER, CAMPUS_ID)
VALUES (2008,1,999880009,'CIT','487','WL');

COMMIT;

update course_enrollment
set credit_hours = 3;

update course_enrollment
set grade = NULL, grade_index = NULL
where (year = 2008 and term_id = 2);

update course_enrollment
set grade = 'A', grade_index = 4
where not (year = 2008 and term_id = 2)
and mod (student_id+term_id, 10) in (0, 1, 2);

update course_enrollment
set grade = 'B', grade_index = 3
where not (year = 2008 and term_id = 2)
and mod (student_id+term_id, 10) in (3);

update course_enrollment
set grade = 'C', grade_index = 2
where not (year = 2008 and term_id = 2)
and mod (student_id+term_id, 10) in (4,5,6);

update course_enrollment
set grade = 'D', grade_index = 1
where not (year = 2008 and term_id = 2)
and mod (student_id+term_id, 10) in (7);

update course_enrollment
set grade = 'F', grade_index = 0
where not (year = 2008 and term_id = 2)
and mod (student_id+term_id, 10) in (8, 9);

INSERT INTO SECTION_ENROLLMENT (YEAR, TERM_ID, STUDENT_ID, COURSE_PREFIX, COURSE_NUMBER, CAMPUS_ID, COURSE_SUFFIX, SECTION_ID)
VALUES (2007,1,999880001,'COM','325','WL',' ',1);
INSERT INTO SECTION_ENROLLMENT (YEAR, TERM_ID, STUDENT_ID, COURSE_PREFIX, COURSE_NUMBER, CAMPUS_ID, COURSE_SUFFIX, SECTION_ID)
VALUES (2007,2,999880001,'COM','415','WL',' ',1);
INSERT INTO SECTION_ENROLLMENT (YEAR, TERM_ID, STUDENT_ID, COURSE_PREFIX, COURSE_NUMBER, CAMPUS_ID, COURSE_SUFFIX, SECTION_ID)
VALUES (2008,1,999880002,'COM','325','WL',' ',1);
INSERT INTO SECTION_ENROLLMENT (YEAR, TERM_ID, STUDENT_ID, COURSE_PREFIX, COURSE_NUMBER, CAMPUS_ID, COURSE_SUFFIX, SECTION_ID)
VALUES (2008,2,999880002,'COM','415','WL',' ',1);
INSERT INTO SECTION_ENROLLMENT (YEAR, TERM_ID, STUDENT_ID, COURSE_PREFIX, COURSE_NUMBER, CAMPUS_ID, COURSE_SUFFIX, SECTION_ID)
VALUES (2008,1,999880003,'COM','325','WL',' ',1);
INSERT INTO SECTION_ENROLLMENT (YEAR, TERM_ID, STUDENT_ID, COURSE_PREFIX, COURSE_NUMBER, CAMPUS_ID, COURSE_SUFFIX, SECTION_ID)
VALUES (2008,2,999880003,'COM','415','WL',' ',1);
INSERT INTO SECTION_ENROLLMENT (YEAR, TERM_ID, STUDENT_ID, COURSE_PREFIX, COURSE_NUMBER, CAMPUS_ID, COURSE_SUFFIX, SECTION_ID)
VALUES (2007,1,999880004,'COM','325','WL',' ',1);
INSERT INTO SECTION_ENROLLMENT (YEAR, TERM_ID, STUDENT_ID, COURSE_PREFIX, COURSE_NUMBER, CAMPUS_ID, COURSE_SUFFIX, SECTION_ID)
VALUES (2008,1,999880004,'COM','415','WL',' ',1);
INSERT INTO SECTION_ENROLLMENT (YEAR, TERM_ID, STUDENT_ID, COURSE_PREFIX, COURSE_NUMBER, CAMPUS_ID, COURSE_SUFFIX, SECTION_ID)
VALUES (2007,1,999880005,'COM','325','WL',' ',1);
INSERT INTO SECTION_ENROLLMENT (YEAR, TERM_ID, STUDENT_ID, COURSE_PREFIX, COURSE_NUMBER, CAMPUS_ID, COURSE_SUFFIX, SECTION_ID)
VALUES (2007,2,999880005,'COM','415','WL',' ',1);
INSERT INTO SECTION_ENROLLMENT (YEAR, TERM_ID, STUDENT_ID, COURSE_PREFIX, COURSE_NUMBER, CAMPUS_ID, COURSE_SUFFIX, SECTION_ID)
VALUES (2008,1,999880006,'COM','415','WL',' ',1);
INSERT INTO SECTION_ENROLLMENT (YEAR, TERM_ID, STUDENT_ID, COURSE_PREFIX, COURSE_NUMBER, CAMPUS_ID, COURSE_SUFFIX, SECTION_ID)
VALUES (2008,2,999880006,'COM','325','WL',' ',1);
INSERT INTO SECTION_ENROLLMENT (YEAR, TERM_ID, STUDENT_ID, COURSE_PREFIX, COURSE_NUMBER, CAMPUS_ID, COURSE_SUFFIX, SECTION_ID)
VALUES (2008,1,999880007,'COM','325','WL',' ',1);
INSERT INTO SECTION_ENROLLMENT (YEAR, TERM_ID, STUDENT_ID, COURSE_PREFIX, COURSE_NUMBER, CAMPUS_ID, COURSE_SUFFIX, SECTION_ID)
VALUES (2008,2,999880007,'COM','415','WL',' ',1);
INSERT INTO SECTION_ENROLLMENT (YEAR, TERM_ID, STUDENT_ID, COURSE_PREFIX, COURSE_NUMBER, CAMPUS_ID, COURSE_SUFFIX, SECTION_ID)
VALUES (2008,1,999880008,'COM','325','WL',' ',1);
INSERT INTO SECTION_ENROLLMENT (YEAR, TERM_ID, STUDENT_ID, COURSE_PREFIX, COURSE_NUMBER, CAMPUS_ID, COURSE_SUFFIX, SECTION_ID)
VALUES (2008,1,999880008,'COM','415','WL',' ',1);
INSERT INTO SECTION_ENROLLMENT (YEAR, TERM_ID, STUDENT_ID, COURSE_PREFIX, COURSE_NUMBER, CAMPUS_ID, COURSE_SUFFIX, SECTION_ID)
VALUES (2007,1,999880009,'COM','325','WL',' ',1);
INSERT INTO SECTION_ENROLLMENT (YEAR, TERM_ID, STUDENT_ID, COURSE_PREFIX, COURSE_NUMBER, CAMPUS_ID, COURSE_SUFFIX, SECTION_ID)
VALUES (2008,1,999880009,'COM','415','WL',' ',1);

INSERT INTO SECTION_ENROLLMENT (YEAR, TERM_ID, STUDENT_ID, COURSE_PREFIX, COURSE_NUMBER, CAMPUS_ID, COURSE_SUFFIX, SECTION_ID)
VALUES (2007,1,888770001,'CIT','135','WL',' ',1);
INSERT INTO SECTION_ENROLLMENT (YEAR, TERM_ID, STUDENT_ID, COURSE_PREFIX, COURSE_NUMBER, CAMPUS_ID, COURSE_SUFFIX, SECTION_ID)
VALUES (2007,2,888770001,'CIT','145','WL',' ',1);
INSERT INTO SECTION_ENROLLMENT (YEAR, TERM_ID, STUDENT_ID, COURSE_PREFIX, COURSE_NUMBER, CAMPUS_ID, COURSE_SUFFIX, SECTION_ID)
VALUES (2007,3,888770001,'CIT','172','WL',' ',1);

INSERT INTO SECTION_ENROLLMENT (YEAR, TERM_ID, STUDENT_ID, COURSE_PREFIX, COURSE_NUMBER, CAMPUS_ID, COURSE_SUFFIX, SECTION_ID)
VALUES (2007,1,777660001,'CIT','135','WL',' ',1);
INSERT INTO SECTION_ENROLLMENT (YEAR, TERM_ID, STUDENT_ID, COURSE_PREFIX, COURSE_NUMBER, CAMPUS_ID, COURSE_SUFFIX, SECTION_ID)
VALUES (2007,2,777660001,'CIT','145','WL',' ',1);
INSERT INTO SECTION_ENROLLMENT (YEAR, TERM_ID, STUDENT_ID, COURSE_PREFIX, COURSE_NUMBER, CAMPUS_ID, COURSE_SUFFIX, SECTION_ID)
VALUES (2007,3,777660001,'CIT','172','WL',' ',1);

INSERT INTO SECTION_ENROLLMENT (YEAR, TERM_ID, STUDENT_ID, COURSE_PREFIX, COURSE_NUMBER, CAMPUS_ID, COURSE_SUFFIX, SECTION_ID)
VALUES (2007,1,666550001,'CIT','135','WL',' ',1);
INSERT INTO SECTION_ENROLLMENT (YEAR, TERM_ID, STUDENT_ID, COURSE_PREFIX, COURSE_NUMBER, CAMPUS_ID, COURSE_SUFFIX, SECTION_ID)
VALUES (2007,2,666550001,'CIT','145','WL',' ',1);
INSERT INTO SECTION_ENROLLMENT (YEAR, TERM_ID, STUDENT_ID, COURSE_PREFIX, COURSE_NUMBER, CAMPUS_ID, COURSE_SUFFIX, SECTION_ID)
VALUES (2007,3,666550001,'CIT','172','WL',' ',1);

INSERT INTO SECTION_ENROLLMENT (YEAR, TERM_ID, STUDENT_ID, COURSE_PREFIX, COURSE_NUMBER, CAMPUS_ID, COURSE_SUFFIX, SECTION_ID)
VALUES (2007,1,555440001,'CIT','135','WL',' ',1);
INSERT INTO SECTION_ENROLLMENT (YEAR, TERM_ID, STUDENT_ID, COURSE_PREFIX, COURSE_NUMBER, CAMPUS_ID, COURSE_SUFFIX, SECTION_ID)
VALUES (2007,2,555440001,'CIT','145','WL',' ',1);
INSERT INTO SECTION_ENROLLMENT (YEAR, TERM_ID, STUDENT_ID, COURSE_PREFIX, COURSE_NUMBER, CAMPUS_ID, COURSE_SUFFIX, SECTION_ID)
VALUES (2007,3,555440001,'CIT','172','WL',' ',1);

INSERT INTO SECTION_ENROLLMENT (YEAR, TERM_ID, STUDENT_ID, COURSE_PREFIX, COURSE_NUMBER, CAMPUS_ID, COURSE_SUFFIX, SECTION_ID)
VALUES (2007,1,444330001,'CIT','135','WL',' ',1);
INSERT INTO SECTION_ENROLLMENT (YEAR, TERM_ID, STUDENT_ID, COURSE_PREFIX, COURSE_NUMBER, CAMPUS_ID, COURSE_SUFFIX, SECTION_ID)
VALUES (2007,2,444330001,'CIT','145','WL',' ',1);
INSERT INTO SECTION_ENROLLMENT (YEAR, TERM_ID, STUDENT_ID, COURSE_PREFIX, COURSE_NUMBER, CAMPUS_ID, COURSE_SUFFIX, SECTION_ID)
VALUES (2007,3,444330001,'CIT','172','WL',' ',1);

INSERT INTO SECTION_ENROLLMENT (YEAR, TERM_ID, STUDENT_ID, COURSE_PREFIX, COURSE_NUMBER, CAMPUS_ID, COURSE_SUFFIX, SECTION_ID)
VALUES (2007,1,333220001,'CIT','135','WL',' ',1);
INSERT INTO SECTION_ENROLLMENT (YEAR, TERM_ID, STUDENT_ID, COURSE_PREFIX, COURSE_NUMBER, CAMPUS_ID, COURSE_SUFFIX, SECTION_ID)
VALUES (2007,2,333220001,'CIT','145','WL',' ',1);
INSERT INTO SECTION_ENROLLMENT (YEAR, TERM_ID, STUDENT_ID, COURSE_PREFIX, COURSE_NUMBER, CAMPUS_ID, COURSE_SUFFIX, SECTION_ID)
VALUES (2007,3,333220001,'CIT','172','WL',' ',1);

INSERT INTO SECTION_ENROLLMENT (YEAR, TERM_ID, STUDENT_ID, COURSE_PREFIX, COURSE_NUMBER, CAMPUS_ID, COURSE_SUFFIX, SECTION_ID)
VALUES (2007,1,222110001,'CIT','135','WL',' ',1);
INSERT INTO SECTION_ENROLLMENT (YEAR, TERM_ID, STUDENT_ID, COURSE_PREFIX, COURSE_NUMBER, CAMPUS_ID, COURSE_SUFFIX, SECTION_ID)
VALUES (2007,2,222110001,'CIT','145','WL',' ',1);
INSERT INTO SECTION_ENROLLMENT (YEAR, TERM_ID, STUDENT_ID, COURSE_PREFIX, COURSE_NUMBER, CAMPUS_ID, COURSE_SUFFIX, SECTION_ID)
VALUES (2007,3,222110001,'CIT','172','WL',' ',1);

INSERT INTO SECTION_ENROLLMENT (YEAR, TERM_ID, STUDENT_ID, COURSE_PREFIX, COURSE_NUMBER, CAMPUS_ID, COURSE_SUFFIX, SECTION_ID)
VALUES (2007,1,111990001,'CIT','135','WL',' ',1);
INSERT INTO SECTION_ENROLLMENT (YEAR, TERM_ID, STUDENT_ID, COURSE_PREFIX, COURSE_NUMBER, CAMPUS_ID, COURSE_SUFFIX, SECTION_ID)
VALUES (2007,2,111990001,'CIT','145','WL',' ',1);
INSERT INTO SECTION_ENROLLMENT (YEAR, TERM_ID, STUDENT_ID, COURSE_PREFIX, COURSE_NUMBER, CAMPUS_ID, COURSE_SUFFIX, SECTION_ID)
VALUES (2007,3,111990001,'CIT','172','WL',' ',1);

INSERT INTO SECTION_ENROLLMENT (YEAR, TERM_ID, STUDENT_ID, COURSE_PREFIX, COURSE_NUMBER, CAMPUS_ID, COURSE_SUFFIX, SECTION_ID)
VALUES (2007,1,888770002,'CIT','135','WL',' ',1);
INSERT INTO SECTION_ENROLLMENT (YEAR, TERM_ID, STUDENT_ID, COURSE_PREFIX, COURSE_NUMBER, CAMPUS_ID, COURSE_SUFFIX, SECTION_ID)
VALUES (2007,2,888770002,'CIT','145','WL',' ',1);
INSERT INTO SECTION_ENROLLMENT (YEAR, TERM_ID, STUDENT_ID, COURSE_PREFIX, COURSE_NUMBER, CAMPUS_ID, COURSE_SUFFIX, SECTION_ID)
VALUES (2007,3,888770002,'CIT','172','WL',' ',1);

INSERT INTO SECTION_ENROLLMENT (YEAR, TERM_ID, STUDENT_ID, COURSE_PREFIX, COURSE_NUMBER, CAMPUS_ID, COURSE_SUFFIX, SECTION_ID)
VALUES (2007,1,777660002,'CIT','135','WL',' ',1);
INSERT INTO SECTION_ENROLLMENT (YEAR, TERM_ID, STUDENT_ID, COURSE_PREFIX, COURSE_NUMBER, CAMPUS_ID, COURSE_SUFFIX, SECTION_ID)
VALUES (2007,2,777660002,'CIT','145','WL',' ',1);
INSERT INTO SECTION_ENROLLMENT (YEAR, TERM_ID, STUDENT_ID, COURSE_PREFIX, COURSE_NUMBER, CAMPUS_ID, COURSE_SUFFIX, SECTION_ID)
VALUES (2007,3,777660002,'CIT','172','WL',' ',1);

INSERT INTO SECTION_ENROLLMENT (YEAR, TERM_ID, STUDENT_ID, COURSE_PREFIX, COURSE_NUMBER, CAMPUS_ID, COURSE_SUFFIX, SECTION_ID)
VALUES (2007,1,666550002,'CIT','135','WL',' ',1);
INSERT INTO SECTION_ENROLLMENT (YEAR, TERM_ID, STUDENT_ID, COURSE_PREFIX, COURSE_NUMBER, CAMPUS_ID, COURSE_SUFFIX, SECTION_ID)
VALUES (2007,2,666550002,'CIT','145','WL',' ',1);
INSERT INTO SECTION_ENROLLMENT (YEAR, TERM_ID, STUDENT_ID, COURSE_PREFIX, COURSE_NUMBER, CAMPUS_ID, COURSE_SUFFIX, SECTION_ID)
VALUES (2007,3,666550002,'CIT','172','WL',' ',1);

INSERT INTO SECTION_ENROLLMENT (YEAR, TERM_ID, STUDENT_ID, COURSE_PREFIX, COURSE_NUMBER, CAMPUS_ID, COURSE_SUFFIX, SECTION_ID)
VALUES (2007,1,555440002,'CIT','135','WL',' ',1);
INSERT INTO SECTION_ENROLLMENT (YEAR, TERM_ID, STUDENT_ID, COURSE_PREFIX, COURSE_NUMBER, CAMPUS_ID, COURSE_SUFFIX, SECTION_ID)
VALUES (2007,2,555440002,'CIT','145','WL',' ',1);
INSERT INTO SECTION_ENROLLMENT (YEAR, TERM_ID, STUDENT_ID, COURSE_PREFIX, COURSE_NUMBER, CAMPUS_ID, COURSE_SUFFIX, SECTION_ID)
VALUES (2007,3,555440002,'CIT','172','WL',' ',1);

INSERT INTO SECTION_ENROLLMENT (YEAR, TERM_ID, STUDENT_ID, COURSE_PREFIX, COURSE_NUMBER, CAMPUS_ID, COURSE_SUFFIX, SECTION_ID)
VALUES (2007,1,444330002,'CIT','135','WL',' ',1);
INSERT INTO SECTION_ENROLLMENT (YEAR, TERM_ID, STUDENT_ID, COURSE_PREFIX, COURSE_NUMBER, CAMPUS_ID, COURSE_SUFFIX, SECTION_ID)
VALUES (2007,2,444330002,'CIT','145','WL',' ',1);
INSERT INTO SECTION_ENROLLMENT (YEAR, TERM_ID, STUDENT_ID, COURSE_PREFIX, COURSE_NUMBER, CAMPUS_ID, COURSE_SUFFIX, SECTION_ID)
VALUES (2007,3,444330002,'CIT','172','WL',' ',1);

INSERT INTO SECTION_ENROLLMENT (YEAR, TERM_ID, STUDENT_ID, COURSE_PREFIX, COURSE_NUMBER, CAMPUS_ID, COURSE_SUFFIX, SECTION_ID)
VALUES (2007,1,333220002,'CIT','135','WL',' ',1);
INSERT INTO SECTION_ENROLLMENT (YEAR, TERM_ID, STUDENT_ID, COURSE_PREFIX, COURSE_NUMBER, CAMPUS_ID, COURSE_SUFFIX, SECTION_ID)
VALUES (2007,2,333220002,'CIT','145','WL',' ',1);
INSERT INTO SECTION_ENROLLMENT (YEAR, TERM_ID, STUDENT_ID, COURSE_PREFIX, COURSE_NUMBER, CAMPUS_ID, COURSE_SUFFIX, SECTION_ID)
VALUES (2007,3,333220002,'CIT','172','WL',' ',1);

INSERT INTO SECTION_ENROLLMENT (YEAR, TERM_ID, STUDENT_ID, COURSE_PREFIX, COURSE_NUMBER, CAMPUS_ID, COURSE_SUFFIX, SECTION_ID)
VALUES (2007,1,222110002,'CIT','135','WL',' ',1);
INSERT INTO SECTION_ENROLLMENT (YEAR, TERM_ID, STUDENT_ID, COURSE_PREFIX, COURSE_NUMBER, CAMPUS_ID, COURSE_SUFFIX, SECTION_ID)
VALUES (2007,2,222110002,'CIT','145','WL',' ',1);
INSERT INTO SECTION_ENROLLMENT (YEAR, TERM_ID, STUDENT_ID, COURSE_PREFIX, COURSE_NUMBER, CAMPUS_ID, COURSE_SUFFIX, SECTION_ID)
VALUES (2007,3,222110002,'CIT','172','WL',' ',1);

INSERT INTO SECTION_ENROLLMENT (YEAR, TERM_ID, STUDENT_ID, COURSE_PREFIX, COURSE_NUMBER, CAMPUS_ID, COURSE_SUFFIX, SECTION_ID)
VALUES (2007,1,111990002,'CIT','135','WL',' ',1);
INSERT INTO SECTION_ENROLLMENT (YEAR, TERM_ID, STUDENT_ID, COURSE_PREFIX, COURSE_NUMBER, CAMPUS_ID, COURSE_SUFFIX, SECTION_ID)
VALUES (2007,2,111990002,'CIT','145','WL',' ',1);
INSERT INTO SECTION_ENROLLMENT (YEAR, TERM_ID, STUDENT_ID, COURSE_PREFIX, COURSE_NUMBER, CAMPUS_ID, COURSE_SUFFIX, SECTION_ID)
VALUES (2007,3,111990002,'CIT','172','WL',' ',1);

INSERT INTO SECTION_ENROLLMENT (YEAR, TERM_ID, STUDENT_ID, COURSE_PREFIX, COURSE_NUMBER, CAMPUS_ID, COURSE_SUFFIX, SECTION_ID)
VALUES (2007,1,888770003,'CIT','135','WL',' ',1);
INSERT INTO SECTION_ENROLLMENT (YEAR, TERM_ID, STUDENT_ID, COURSE_PREFIX, COURSE_NUMBER, CAMPUS_ID, COURSE_SUFFIX, SECTION_ID)
VALUES (2007,2,888770003,'CIT','145','WL',' ',1);
INSERT INTO SECTION_ENROLLMENT (YEAR, TERM_ID, STUDENT_ID, COURSE_PREFIX, COURSE_NUMBER, CAMPUS_ID, COURSE_SUFFIX, SECTION_ID)
VALUES (2007,3,888770003,'CIT','172','WL',' ',1);

INSERT INTO SECTION_ENROLLMENT (YEAR, TERM_ID, STUDENT_ID, COURSE_PREFIX, COURSE_NUMBER, CAMPUS_ID, COURSE_SUFFIX, SECTION_ID)
VALUES (2007,1,777660003,'CIT','135','WL',' ',1);
INSERT INTO SECTION_ENROLLMENT (YEAR, TERM_ID, STUDENT_ID, COURSE_PREFIX, COURSE_NUMBER, CAMPUS_ID, COURSE_SUFFIX, SECTION_ID)
VALUES (2007,2,777660003,'CIT','145','WL',' ',1);
INSERT INTO SECTION_ENROLLMENT (YEAR, TERM_ID, STUDENT_ID, COURSE_PREFIX, COURSE_NUMBER, CAMPUS_ID, COURSE_SUFFIX, SECTION_ID)
VALUES (2007,3,777660003,'CIT','172','WL',' ',1);

INSERT INTO SECTION_ENROLLMENT (YEAR, TERM_ID, STUDENT_ID, COURSE_PREFIX, COURSE_NUMBER, CAMPUS_ID, COURSE_SUFFIX, SECTION_ID)
VALUES (2007,1,666550003,'CIT','135','WL',' ',1);
INSERT INTO SECTION_ENROLLMENT (YEAR, TERM_ID, STUDENT_ID, COURSE_PREFIX, COURSE_NUMBER, CAMPUS_ID, COURSE_SUFFIX, SECTION_ID)
VALUES (2007,2,666550003,'CIT','145','WL',' ',1);
INSERT INTO SECTION_ENROLLMENT (YEAR, TERM_ID, STUDENT_ID, COURSE_PREFIX, COURSE_NUMBER, CAMPUS_ID, COURSE_SUFFIX, SECTION_ID)
VALUES (2007,3,666550003,'CIT','172','WL',' ',1);

INSERT INTO SECTION_ENROLLMENT (YEAR, TERM_ID, STUDENT_ID, COURSE_PREFIX, COURSE_NUMBER, CAMPUS_ID, COURSE_SUFFIX, SECTION_ID)
VALUES (2007,1,555440003,'CIT','135','WL',' ',1);
INSERT INTO SECTION_ENROLLMENT (YEAR, TERM_ID, STUDENT_ID, COURSE_PREFIX, COURSE_NUMBER, CAMPUS_ID, COURSE_SUFFIX, SECTION_ID)
VALUES (2007,2,555440003,'CIT','145','WL',' ',1);
INSERT INTO SECTION_ENROLLMENT (YEAR, TERM_ID, STUDENT_ID, COURSE_PREFIX, COURSE_NUMBER, CAMPUS_ID, COURSE_SUFFIX, SECTION_ID)
VALUES (2007,3,555440003,'CIT','172','WL',' ',1);

INSERT INTO SECTION_ENROLLMENT (YEAR, TERM_ID, STUDENT_ID, COURSE_PREFIX, COURSE_NUMBER, CAMPUS_ID, COURSE_SUFFIX, SECTION_ID)
VALUES (2007,1,444330003,'CIT','135','WL',' ',1);
INSERT INTO SECTION_ENROLLMENT (YEAR, TERM_ID, STUDENT_ID, COURSE_PREFIX, COURSE_NUMBER, CAMPUS_ID, COURSE_SUFFIX, SECTION_ID)
VALUES (2007,2,444330003,'CIT','145','WL',' ',1);
INSERT INTO SECTION_ENROLLMENT (YEAR, TERM_ID, STUDENT_ID, COURSE_PREFIX, COURSE_NUMBER, CAMPUS_ID, COURSE_SUFFIX, SECTION_ID)
VALUES (2007,3,444330003,'CIT','172','WL',' ',1);

INSERT INTO SECTION_ENROLLMENT (YEAR, TERM_ID, STUDENT_ID, COURSE_PREFIX, COURSE_NUMBER, CAMPUS_ID, COURSE_SUFFIX, SECTION_ID)
VALUES (2007,1,333220003,'CIT','135','WL',' ',1);
INSERT INTO SECTION_ENROLLMENT (YEAR, TERM_ID, STUDENT_ID, COURSE_PREFIX, COURSE_NUMBER, CAMPUS_ID, COURSE_SUFFIX, SECTION_ID)
VALUES (2007,2,333220003,'CIT','145','WL',' ',1);
INSERT INTO SECTION_ENROLLMENT (YEAR, TERM_ID, STUDENT_ID, COURSE_PREFIX, COURSE_NUMBER, CAMPUS_ID, COURSE_SUFFIX, SECTION_ID)
VALUES (2007,3,333220003,'CIT','172','WL',' ',1);

INSERT INTO SECTION_ENROLLMENT (YEAR, TERM_ID, STUDENT_ID, COURSE_PREFIX, COURSE_NUMBER, CAMPUS_ID, COURSE_SUFFIX, SECTION_ID)
VALUES (2007,1,222110003,'CIT','135','WL',' ',1);
INSERT INTO SECTION_ENROLLMENT (YEAR, TERM_ID, STUDENT_ID, COURSE_PREFIX, COURSE_NUMBER, CAMPUS_ID, COURSE_SUFFIX, SECTION_ID)
VALUES (2007,2,222110003,'CIT','145','WL',' ',1);
INSERT INTO SECTION_ENROLLMENT (YEAR, TERM_ID, STUDENT_ID, COURSE_PREFIX, COURSE_NUMBER, CAMPUS_ID, COURSE_SUFFIX, SECTION_ID)
VALUES (2007,3,222110003,'CIT','172','WL',' ',1);

INSERT INTO SECTION_ENROLLMENT (YEAR, TERM_ID, STUDENT_ID, COURSE_PREFIX, COURSE_NUMBER, CAMPUS_ID, COURSE_SUFFIX, SECTION_ID)
VALUES (2007,1,111990003,'CIT','135','WL',' ',1);
INSERT INTO SECTION_ENROLLMENT (YEAR, TERM_ID, STUDENT_ID, COURSE_PREFIX, COURSE_NUMBER, CAMPUS_ID, COURSE_SUFFIX, SECTION_ID)
VALUES (2007,2,111990003,'CIT','145','WL',' ',1);
INSERT INTO SECTION_ENROLLMENT (YEAR, TERM_ID, STUDENT_ID, COURSE_PREFIX, COURSE_NUMBER, CAMPUS_ID, COURSE_SUFFIX, SECTION_ID)
VALUES (2007,3,111990003,'CIT','172','WL',' ',1);

INSERT INTO SECTION_ENROLLMENT (YEAR, TERM_ID, STUDENT_ID, COURSE_PREFIX, COURSE_NUMBER, CAMPUS_ID, COURSE_SUFFIX, SECTION_ID)
VALUES (2007,1,888770004,'CIT','135','WL',' ',1);
INSERT INTO SECTION_ENROLLMENT (YEAR, TERM_ID, STUDENT_ID, COURSE_PREFIX, COURSE_NUMBER, CAMPUS_ID, COURSE_SUFFIX, SECTION_ID)
VALUES (2007,2,888770004,'CIT','145','WL',' ',1);
INSERT INTO SECTION_ENROLLMENT (YEAR, TERM_ID, STUDENT_ID, COURSE_PREFIX, COURSE_NUMBER, CAMPUS_ID, COURSE_SUFFIX, SECTION_ID)
VALUES (2007,3,888770004,'CIT','172','WL',' ',1);

INSERT INTO SECTION_ENROLLMENT (YEAR, TERM_ID, STUDENT_ID, COURSE_PREFIX, COURSE_NUMBER, CAMPUS_ID, COURSE_SUFFIX, SECTION_ID)
VALUES (2007,1,777660004,'CIT','135','WL',' ',1);
INSERT INTO SECTION_ENROLLMENT (YEAR, TERM_ID, STUDENT_ID, COURSE_PREFIX, COURSE_NUMBER, CAMPUS_ID, COURSE_SUFFIX, SECTION_ID)
VALUES (2007,2,777660004,'CIT','145','WL',' ',1);
INSERT INTO SECTION_ENROLLMENT (YEAR, TERM_ID, STUDENT_ID, COURSE_PREFIX, COURSE_NUMBER, CAMPUS_ID, COURSE_SUFFIX, SECTION_ID)
VALUES (2007,3,777660004,'CIT','172','WL',' ',1);

INSERT INTO SECTION_ENROLLMENT (YEAR, TERM_ID, STUDENT_ID, COURSE_PREFIX, COURSE_NUMBER, CAMPUS_ID, COURSE_SUFFIX, SECTION_ID)
VALUES (2007,1,666550004,'CIT','135','WL',' ',1);
INSERT INTO SECTION_ENROLLMENT (YEAR, TERM_ID, STUDENT_ID, COURSE_PREFIX, COURSE_NUMBER, CAMPUS_ID, COURSE_SUFFIX, SECTION_ID)
VALUES (2007,2,666550004,'CIT','145','WL',' ',1);
INSERT INTO SECTION_ENROLLMENT (YEAR, TERM_ID, STUDENT_ID, COURSE_PREFIX, COURSE_NUMBER, CAMPUS_ID, COURSE_SUFFIX, SECTION_ID)
VALUES (2007,3,666550004,'CIT','172','WL',' ',1);

INSERT INTO SECTION_ENROLLMENT (YEAR, TERM_ID, STUDENT_ID, COURSE_PREFIX, COURSE_NUMBER, CAMPUS_ID, COURSE_SUFFIX, SECTION_ID)
VALUES (2007,1,555440004,'CIT','135','WL',' ',1);
INSERT INTO SECTION_ENROLLMENT (YEAR, TERM_ID, STUDENT_ID, COURSE_PREFIX, COURSE_NUMBER, CAMPUS_ID, COURSE_SUFFIX, SECTION_ID)
VALUES (2007,2,555440004,'CIT','145','WL',' ',1);
INSERT INTO SECTION_ENROLLMENT (YEAR, TERM_ID, STUDENT_ID, COURSE_PREFIX, COURSE_NUMBER, CAMPUS_ID, COURSE_SUFFIX, SECTION_ID)
VALUES (2007,3,555440004,'CIT','172','WL',' ',1);

INSERT INTO SECTION_ENROLLMENT (YEAR, TERM_ID, STUDENT_ID, COURSE_PREFIX, COURSE_NUMBER, CAMPUS_ID, COURSE_SUFFIX, SECTION_ID)
VALUES (2007,1,444330004,'CIT','135','WL',' ',1);
INSERT INTO SECTION_ENROLLMENT (YEAR, TERM_ID, STUDENT_ID, COURSE_PREFIX, COURSE_NUMBER, CAMPUS_ID, COURSE_SUFFIX, SECTION_ID)
VALUES (2007,2,444330004,'CIT','145','WL',' ',1);
INSERT INTO SECTION_ENROLLMENT (YEAR, TERM_ID, STUDENT_ID, COURSE_PREFIX, COURSE_NUMBER, CAMPUS_ID, COURSE_SUFFIX, SECTION_ID)
VALUES (2007,3,444330004,'CIT','172','WL',' ',1);

INSERT INTO SECTION_ENROLLMENT (YEAR, TERM_ID, STUDENT_ID, COURSE_PREFIX, COURSE_NUMBER, CAMPUS_ID, COURSE_SUFFIX, SECTION_ID)
VALUES (2007,1,333220004,'CIT','135','WL',' ',1);
INSERT INTO SECTION_ENROLLMENT (YEAR, TERM_ID, STUDENT_ID, COURSE_PREFIX, COURSE_NUMBER, CAMPUS_ID, COURSE_SUFFIX, SECTION_ID)
VALUES (2007,2,333220004,'CIT','145','WL',' ',1);
INSERT INTO SECTION_ENROLLMENT (YEAR, TERM_ID, STUDENT_ID, COURSE_PREFIX, COURSE_NUMBER, CAMPUS_ID, COURSE_SUFFIX, SECTION_ID)
VALUES (2007,3,333220004,'CIT','172','WL',' ',1);

INSERT INTO SECTION_ENROLLMENT (YEAR, TERM_ID, STUDENT_ID, COURSE_PREFIX, COURSE_NUMBER, CAMPUS_ID, COURSE_SUFFIX, SECTION_ID)
VALUES (2007,1,222110004,'CIT','135','WL',' ',1);
INSERT INTO SECTION_ENROLLMENT (YEAR, TERM_ID, STUDENT_ID, COURSE_PREFIX, COURSE_NUMBER, CAMPUS_ID, COURSE_SUFFIX, SECTION_ID)
VALUES (2007,2,222110004,'CIT','145','WL',' ',1);
INSERT INTO SECTION_ENROLLMENT (YEAR, TERM_ID, STUDENT_ID, COURSE_PREFIX, COURSE_NUMBER, CAMPUS_ID, COURSE_SUFFIX, SECTION_ID)
VALUES (2007,3,222110004,'CIT','172','WL',' ',1);

INSERT INTO SECTION_ENROLLMENT (YEAR, TERM_ID, STUDENT_ID, COURSE_PREFIX, COURSE_NUMBER, CAMPUS_ID, COURSE_SUFFIX, SECTION_ID)
VALUES (2007,1,111990004,'CIT','135','WL',' ',1);
INSERT INTO SECTION_ENROLLMENT (YEAR, TERM_ID, STUDENT_ID, COURSE_PREFIX, COURSE_NUMBER, CAMPUS_ID, COURSE_SUFFIX, SECTION_ID)
VALUES (2007,2,111990004,'CIT','145','WL',' ',1);
INSERT INTO SECTION_ENROLLMENT (YEAR, TERM_ID, STUDENT_ID, COURSE_PREFIX, COURSE_NUMBER, CAMPUS_ID, COURSE_SUFFIX, SECTION_ID)
VALUES (2007,3,111990004,'CIT','172','WL',' ',1);

INSERT INTO SECTION_ENROLLMENT (YEAR, TERM_ID, STUDENT_ID, COURSE_PREFIX, COURSE_NUMBER, CAMPUS_ID, COURSE_SUFFIX, SECTION_ID)
VALUES (2007,1,999880001,'CIT','135','WL',' ',1);
INSERT INTO SECTION_ENROLLMENT (YEAR, TERM_ID, STUDENT_ID, COURSE_PREFIX, COURSE_NUMBER, CAMPUS_ID, COURSE_SUFFIX, SECTION_ID)
VALUES (2007,2,999880001,'CIT','145','WL',' ',1);
INSERT INTO SECTION_ENROLLMENT (YEAR, TERM_ID, STUDENT_ID, COURSE_PREFIX, COURSE_NUMBER, CAMPUS_ID, COURSE_SUFFIX, SECTION_ID)
VALUES (2007,3,999880001,'CIT','172','WL',' ',1);
INSERT INTO SECTION_ENROLLMENT (YEAR, TERM_ID, STUDENT_ID, COURSE_PREFIX, COURSE_NUMBER, CAMPUS_ID, COURSE_SUFFIX, SECTION_ID)
VALUES (2007,3,999880001,'CIT','280','WL',' ',1);
INSERT INTO SECTION_ENROLLMENT (YEAR, TERM_ID, STUDENT_ID, COURSE_PREFIX, COURSE_NUMBER, CAMPUS_ID, COURSE_SUFFIX, SECTION_ID)
VALUES (2008,1,999880001,'CIT','380','WL',' ',1);
INSERT INTO SECTION_ENROLLMENT (YEAR, TERM_ID, STUDENT_ID, COURSE_PREFIX, COURSE_NUMBER, CAMPUS_ID, COURSE_SUFFIX, SECTION_ID)
VALUES (2008,1,999880001,'CIT','382','WL',' ',1);
INSERT INTO SECTION_ENROLLMENT (YEAR, TERM_ID, STUDENT_ID, COURSE_PREFIX, COURSE_NUMBER, CAMPUS_ID, COURSE_SUFFIX, SECTION_ID)
VALUES (2008,2,999880001,'CIT','385','WL',' ',1);
INSERT INTO SECTION_ENROLLMENT (YEAR, TERM_ID, STUDENT_ID, COURSE_PREFIX, COURSE_NUMBER, CAMPUS_ID, COURSE_SUFFIX, SECTION_ID)
VALUES (2008,2,999880001,'CIT','482','WL',' ',1);
INSERT INTO SECTION_ENROLLMENT (YEAR, TERM_ID, STUDENT_ID, COURSE_PREFIX, COURSE_NUMBER, CAMPUS_ID, COURSE_SUFFIX, SECTION_ID)
VALUES (2007,1,999880002,'CIT','135','WL',' ',1);
INSERT INTO SECTION_ENROLLMENT (YEAR, TERM_ID, STUDENT_ID, COURSE_PREFIX, COURSE_NUMBER, CAMPUS_ID, COURSE_SUFFIX, SECTION_ID)
VALUES (2008,1,999880002,'CIT','145','WL',' ',1);
INSERT INTO SECTION_ENROLLMENT (YEAR, TERM_ID, STUDENT_ID, COURSE_PREFIX, COURSE_NUMBER, CAMPUS_ID, COURSE_SUFFIX, SECTION_ID)
VALUES (2008,2,999880002,'CIT','172','WL',' ',1);
INSERT INTO SECTION_ENROLLMENT (YEAR, TERM_ID, STUDENT_ID, COURSE_PREFIX, COURSE_NUMBER, CAMPUS_ID, COURSE_SUFFIX, SECTION_ID)
VALUES (2008,1,999880003,'CIT','135','WL',' ',1);
INSERT INTO SECTION_ENROLLMENT (YEAR, TERM_ID, STUDENT_ID, COURSE_PREFIX, COURSE_NUMBER, CAMPUS_ID, COURSE_SUFFIX, SECTION_ID)
VALUES (2008,2,999880003,'CIT','145','WL',' ',1);
INSERT INTO SECTION_ENROLLMENT (YEAR, TERM_ID, STUDENT_ID, COURSE_PREFIX, COURSE_NUMBER, CAMPUS_ID, COURSE_SUFFIX, SECTION_ID)
VALUES (2007,1,999880004,'CIT','380','WL',' ',1);
INSERT INTO SECTION_ENROLLMENT (YEAR, TERM_ID, STUDENT_ID, COURSE_PREFIX, COURSE_NUMBER, CAMPUS_ID, COURSE_SUFFIX, SECTION_ID)
VALUES (2008,1,999880004,'CIT','385','WL',' ',1);
INSERT INTO SECTION_ENROLLMENT (YEAR, TERM_ID, STUDENT_ID, COURSE_PREFIX, COURSE_NUMBER, CAMPUS_ID, COURSE_SUFFIX, SECTION_ID)
VALUES (2007,1,999880005,'CIT','380','WL',' ',1);
INSERT INTO SECTION_ENROLLMENT (YEAR, TERM_ID, STUDENT_ID, COURSE_PREFIX, COURSE_NUMBER, CAMPUS_ID, COURSE_SUFFIX, SECTION_ID)
VALUES (2007,2,999880005,'CIT','385','WL',' ',1);
INSERT INTO SECTION_ENROLLMENT (YEAR, TERM_ID, STUDENT_ID, COURSE_PREFIX, COURSE_NUMBER, CAMPUS_ID, COURSE_SUFFIX, SECTION_ID)
VALUES (2007,3,999880006,'CIT','172','WL',' ',1);
INSERT INTO SECTION_ENROLLMENT (YEAR, TERM_ID, STUDENT_ID, COURSE_PREFIX, COURSE_NUMBER, CAMPUS_ID, COURSE_SUFFIX, SECTION_ID)
VALUES (2008,1,999880006,'CIT','280','WL',' ',1);
INSERT INTO SECTION_ENROLLMENT (YEAR, TERM_ID, STUDENT_ID, COURSE_PREFIX, COURSE_NUMBER, CAMPUS_ID, COURSE_SUFFIX, SECTION_ID)
VALUES (2008,2,999880006,'CIT','380','WL',' ',1);
INSERT INTO SECTION_ENROLLMENT (YEAR, TERM_ID, STUDENT_ID, COURSE_PREFIX, COURSE_NUMBER, CAMPUS_ID, COURSE_SUFFIX, SECTION_ID)
VALUES (2008,1,999880007,'CIT','380','WL',' ',1);
INSERT INTO SECTION_ENROLLMENT (YEAR, TERM_ID, STUDENT_ID, COURSE_PREFIX, COURSE_NUMBER, CAMPUS_ID, COURSE_SUFFIX, SECTION_ID)
VALUES (2008,2,999880007,'CIT','385','WL',' ',1);
INSERT INTO SECTION_ENROLLMENT (YEAR, TERM_ID, STUDENT_ID, COURSE_PREFIX, COURSE_NUMBER, CAMPUS_ID, COURSE_SUFFIX, SECTION_ID)
VALUES (2008,1,999880008,'CIT','487','WL',' ',1);
INSERT INTO SECTION_ENROLLMENT (YEAR, TERM_ID, STUDENT_ID, COURSE_PREFIX, COURSE_NUMBER, CAMPUS_ID, COURSE_SUFFIX, SECTION_ID)
VALUES (2008,1,999880009,'CIT','487','WL',' ',1);

COMMIT;

INSERT INTO SECTION_ENROLLMENT (YEAR, TERM_ID, STUDENT_ID, COURSE_PREFIX, COURSE_NUMBER, CAMPUS_ID, COURSE_SUFFIX, SECTION_ID)
VALUES (2007,1,888770001,'CIT','135','WL','L',1);
INSERT INTO SECTION_ENROLLMENT (YEAR, TERM_ID, STUDENT_ID, COURSE_PREFIX, COURSE_NUMBER, CAMPUS_ID, COURSE_SUFFIX, SECTION_ID)
VALUES (2007,2,888770001,'CIT','145','WL','L',1);
INSERT INTO SECTION_ENROLLMENT (YEAR, TERM_ID, STUDENT_ID, COURSE_PREFIX, COURSE_NUMBER, CAMPUS_ID, COURSE_SUFFIX, SECTION_ID)
VALUES (2007,3,888770001,'CIT','172','WL','L',1);

INSERT INTO SECTION_ENROLLMENT (YEAR, TERM_ID, STUDENT_ID, COURSE_PREFIX, COURSE_NUMBER, CAMPUS_ID, COURSE_SUFFIX, SECTION_ID)
VALUES (2007,1,777660001,'CIT','135','WL','L',2);
INSERT INTO SECTION_ENROLLMENT (YEAR, TERM_ID, STUDENT_ID, COURSE_PREFIX, COURSE_NUMBER, CAMPUS_ID, COURSE_SUFFIX, SECTION_ID)
VALUES (2007,2,777660001,'CIT','145','WL','L',2);
INSERT INTO SECTION_ENROLLMENT (YEAR, TERM_ID, STUDENT_ID, COURSE_PREFIX, COURSE_NUMBER, CAMPUS_ID, COURSE_SUFFIX, SECTION_ID)
VALUES (2007,3,777660001,'CIT','172','WL','L',1);

INSERT INTO SECTION_ENROLLMENT (YEAR, TERM_ID, STUDENT_ID, COURSE_PREFIX, COURSE_NUMBER, CAMPUS_ID, COURSE_SUFFIX, SECTION_ID)
VALUES (2007,1,666550001,'CIT','135','WL','L',3);
INSERT INTO SECTION_ENROLLMENT (YEAR, TERM_ID, STUDENT_ID, COURSE_PREFIX, COURSE_NUMBER, CAMPUS_ID, COURSE_SUFFIX, SECTION_ID)
VALUES (2007,2,666550001,'CIT','145','WL','L',3);
INSERT INTO SECTION_ENROLLMENT (YEAR, TERM_ID, STUDENT_ID, COURSE_PREFIX, COURSE_NUMBER, CAMPUS_ID, COURSE_SUFFIX, SECTION_ID)
VALUES (2007,3,666550001,'CIT','172','WL','L',1);

INSERT INTO SECTION_ENROLLMENT (YEAR, TERM_ID, STUDENT_ID, COURSE_PREFIX, COURSE_NUMBER, CAMPUS_ID, COURSE_SUFFIX, SECTION_ID)
VALUES (2007,1,555440001,'CIT','135','WL','L',4);
INSERT INTO SECTION_ENROLLMENT (YEAR, TERM_ID, STUDENT_ID, COURSE_PREFIX, COURSE_NUMBER, CAMPUS_ID, COURSE_SUFFIX, SECTION_ID)
VALUES (2007,2,555440001,'CIT','145','WL','L',4);
INSERT INTO SECTION_ENROLLMENT (YEAR, TERM_ID, STUDENT_ID, COURSE_PREFIX, COURSE_NUMBER, CAMPUS_ID, COURSE_SUFFIX, SECTION_ID)
VALUES (2007,3,555440001,'CIT','172','WL','L',1);

INSERT INTO SECTION_ENROLLMENT (YEAR, TERM_ID, STUDENT_ID, COURSE_PREFIX, COURSE_NUMBER, CAMPUS_ID, COURSE_SUFFIX, SECTION_ID)
VALUES (2007,1,444330001,'CIT','135','WL','L',1);
INSERT INTO SECTION_ENROLLMENT (YEAR, TERM_ID, STUDENT_ID, COURSE_PREFIX, COURSE_NUMBER, CAMPUS_ID, COURSE_SUFFIX, SECTION_ID)
VALUES (2007,2,444330001,'CIT','145','WL','L',1);
INSERT INTO SECTION_ENROLLMENT (YEAR, TERM_ID, STUDENT_ID, COURSE_PREFIX, COURSE_NUMBER, CAMPUS_ID, COURSE_SUFFIX, SECTION_ID)
VALUES (2007,3,444330001,'CIT','172','WL','L',1);

INSERT INTO SECTION_ENROLLMENT (YEAR, TERM_ID, STUDENT_ID, COURSE_PREFIX, COURSE_NUMBER, CAMPUS_ID, COURSE_SUFFIX, SECTION_ID)
VALUES (2007,1,444330001,'CIT','135','WL','L',2);
INSERT INTO SECTION_ENROLLMENT (YEAR, TERM_ID, STUDENT_ID, COURSE_PREFIX, COURSE_NUMBER, CAMPUS_ID, COURSE_SUFFIX, SECTION_ID)
VALUES (2007,2,444330001,'CIT','145','WL','L',2);

INSERT INTO SECTION_ENROLLMENT (YEAR, TERM_ID, STUDENT_ID, COURSE_PREFIX, COURSE_NUMBER, CAMPUS_ID, COURSE_SUFFIX, SECTION_ID)
VALUES (2007,1,333220001,'CIT','135','WL','L',3);
INSERT INTO SECTION_ENROLLMENT (YEAR, TERM_ID, STUDENT_ID, COURSE_PREFIX, COURSE_NUMBER, CAMPUS_ID, COURSE_SUFFIX, SECTION_ID)
VALUES (2007,2,333220001,'CIT','145','WL','L',3);
INSERT INTO SECTION_ENROLLMENT (YEAR, TERM_ID, STUDENT_ID, COURSE_PREFIX, COURSE_NUMBER, CAMPUS_ID, COURSE_SUFFIX, SECTION_ID)
VALUES (2007,3,333220001,'CIT','172','WL','L',1);

INSERT INTO SECTION_ENROLLMENT (YEAR, TERM_ID, STUDENT_ID, COURSE_PREFIX, COURSE_NUMBER, CAMPUS_ID, COURSE_SUFFIX, SECTION_ID)
VALUES (2007,1,222110001,'CIT','135','WL','L',4);
INSERT INTO SECTION_ENROLLMENT (YEAR, TERM_ID, STUDENT_ID, COURSE_PREFIX, COURSE_NUMBER, CAMPUS_ID, COURSE_SUFFIX, SECTION_ID)
VALUES (2007,2,222110001,'CIT','145','WL','L',4);
INSERT INTO SECTION_ENROLLMENT (YEAR, TERM_ID, STUDENT_ID, COURSE_PREFIX, COURSE_NUMBER, CAMPUS_ID, COURSE_SUFFIX, SECTION_ID)
VALUES (2007,3,222110001,'CIT','172','WL','L',1);

INSERT INTO SECTION_ENROLLMENT (YEAR, TERM_ID, STUDENT_ID, COURSE_PREFIX, COURSE_NUMBER, CAMPUS_ID, COURSE_SUFFIX, SECTION_ID)
VALUES (2007,1,111990001,'CIT','135','WL','L',1);
INSERT INTO SECTION_ENROLLMENT (YEAR, TERM_ID, STUDENT_ID, COURSE_PREFIX, COURSE_NUMBER, CAMPUS_ID, COURSE_SUFFIX, SECTION_ID)
VALUES (2007,2,111990001,'CIT','145','WL','L',1);
INSERT INTO SECTION_ENROLLMENT (YEAR, TERM_ID, STUDENT_ID, COURSE_PREFIX, COURSE_NUMBER, CAMPUS_ID, COURSE_SUFFIX, SECTION_ID)
VALUES (2007,3,111990001,'CIT','172','WL','L',1);

INSERT INTO SECTION_ENROLLMENT (YEAR, TERM_ID, STUDENT_ID, COURSE_PREFIX, COURSE_NUMBER, CAMPUS_ID, COURSE_SUFFIX, SECTION_ID)
VALUES (2007,1,888770002,'CIT','135','WL','L',2);
INSERT INTO SECTION_ENROLLMENT (YEAR, TERM_ID, STUDENT_ID, COURSE_PREFIX, COURSE_NUMBER, CAMPUS_ID, COURSE_SUFFIX, SECTION_ID)
VALUES (2007,2,888770002,'CIT','145','WL','L',2);
INSERT INTO SECTION_ENROLLMENT (YEAR, TERM_ID, STUDENT_ID, COURSE_PREFIX, COURSE_NUMBER, CAMPUS_ID, COURSE_SUFFIX, SECTION_ID)
VALUES (2007,3,888770002,'CIT','172','WL','L',1);

INSERT INTO SECTION_ENROLLMENT (YEAR, TERM_ID, STUDENT_ID, COURSE_PREFIX, COURSE_NUMBER, CAMPUS_ID, COURSE_SUFFIX, SECTION_ID)
VALUES (2007,1,777660002,'CIT','135','WL','L',3);
INSERT INTO SECTION_ENROLLMENT (YEAR, TERM_ID, STUDENT_ID, COURSE_PREFIX, COURSE_NUMBER, CAMPUS_ID, COURSE_SUFFIX, SECTION_ID)
VALUES (2007,2,777660002,'CIT','145','WL','L',3);
INSERT INTO SECTION_ENROLLMENT (YEAR, TERM_ID, STUDENT_ID, COURSE_PREFIX, COURSE_NUMBER, CAMPUS_ID, COURSE_SUFFIX, SECTION_ID)
VALUES (2007,3,777660002,'CIT','172','WL','L',1);

INSERT INTO SECTION_ENROLLMENT (YEAR, TERM_ID, STUDENT_ID, COURSE_PREFIX, COURSE_NUMBER, CAMPUS_ID, COURSE_SUFFIX, SECTION_ID)
VALUES (2007,1,666550002,'CIT','135','WL','L',4);
INSERT INTO SECTION_ENROLLMENT (YEAR, TERM_ID, STUDENT_ID, COURSE_PREFIX, COURSE_NUMBER, CAMPUS_ID, COURSE_SUFFIX, SECTION_ID)
VALUES (2007,2,666550002,'CIT','145','WL','L',4);
INSERT INTO SECTION_ENROLLMENT (YEAR, TERM_ID, STUDENT_ID, COURSE_PREFIX, COURSE_NUMBER, CAMPUS_ID, COURSE_SUFFIX, SECTION_ID)
VALUES (2007,3,666550002,'CIT','172','WL','L',1);

INSERT INTO SECTION_ENROLLMENT (YEAR, TERM_ID, STUDENT_ID, COURSE_PREFIX, COURSE_NUMBER, CAMPUS_ID, COURSE_SUFFIX, SECTION_ID)
VALUES (2007,1,555440002,'CIT','135','WL','L',1);
INSERT INTO SECTION_ENROLLMENT (YEAR, TERM_ID, STUDENT_ID, COURSE_PREFIX, COURSE_NUMBER, CAMPUS_ID, COURSE_SUFFIX, SECTION_ID)
VALUES (2007,2,555440002,'CIT','145','WL','L',1);
INSERT INTO SECTION_ENROLLMENT (YEAR, TERM_ID, STUDENT_ID, COURSE_PREFIX, COURSE_NUMBER, CAMPUS_ID, COURSE_SUFFIX, SECTION_ID)
VALUES (2007,3,555440002,'CIT','172','WL','L',1);

INSERT INTO SECTION_ENROLLMENT (YEAR, TERM_ID, STUDENT_ID, COURSE_PREFIX, COURSE_NUMBER, CAMPUS_ID, COURSE_SUFFIX, SECTION_ID)
VALUES (2007,1,444330002,'CIT','135','WL','L',2);
INSERT INTO SECTION_ENROLLMENT (YEAR, TERM_ID, STUDENT_ID, COURSE_PREFIX, COURSE_NUMBER, CAMPUS_ID, COURSE_SUFFIX, SECTION_ID)
VALUES (2007,2,444330002,'CIT','145','WL','L',2);
INSERT INTO SECTION_ENROLLMENT (YEAR, TERM_ID, STUDENT_ID, COURSE_PREFIX, COURSE_NUMBER, CAMPUS_ID, COURSE_SUFFIX, SECTION_ID)
VALUES (2007,3,444330002,'CIT','172','WL','L',1);

INSERT INTO SECTION_ENROLLMENT (YEAR, TERM_ID, STUDENT_ID, COURSE_PREFIX, COURSE_NUMBER, CAMPUS_ID, COURSE_SUFFIX, SECTION_ID)
VALUES (2007,1,444330002,'CIT','135','WL','L',3);
INSERT INTO SECTION_ENROLLMENT (YEAR, TERM_ID, STUDENT_ID, COURSE_PREFIX, COURSE_NUMBER, CAMPUS_ID, COURSE_SUFFIX, SECTION_ID)
VALUES (2007,2,444330002,'CIT','145','WL','L',3);

INSERT INTO SECTION_ENROLLMENT (YEAR, TERM_ID, STUDENT_ID, COURSE_PREFIX, COURSE_NUMBER, CAMPUS_ID, COURSE_SUFFIX, SECTION_ID)
VALUES (2007,1,333220002,'CIT','135','WL','L',4);
INSERT INTO SECTION_ENROLLMENT (YEAR, TERM_ID, STUDENT_ID, COURSE_PREFIX, COURSE_NUMBER, CAMPUS_ID, COURSE_SUFFIX, SECTION_ID)
VALUES (2007,2,333220002,'CIT','145','WL','L',4);
INSERT INTO SECTION_ENROLLMENT (YEAR, TERM_ID, STUDENT_ID, COURSE_PREFIX, COURSE_NUMBER, CAMPUS_ID, COURSE_SUFFIX, SECTION_ID)
VALUES (2007,3,333220002,'CIT','172','WL','L',1);

INSERT INTO SECTION_ENROLLMENT (YEAR, TERM_ID, STUDENT_ID, COURSE_PREFIX, COURSE_NUMBER, CAMPUS_ID, COURSE_SUFFIX, SECTION_ID)
VALUES (2007,1,222110002,'CIT','135','WL','L',1);
INSERT INTO SECTION_ENROLLMENT (YEAR, TERM_ID, STUDENT_ID, COURSE_PREFIX, COURSE_NUMBER, CAMPUS_ID, COURSE_SUFFIX, SECTION_ID)
VALUES (2007,2,222110002,'CIT','145','WL','L',1);
INSERT INTO SECTION_ENROLLMENT (YEAR, TERM_ID, STUDENT_ID, COURSE_PREFIX, COURSE_NUMBER, CAMPUS_ID, COURSE_SUFFIX, SECTION_ID)
VALUES (2007,3,222110002,'CIT','172','WL','L',1);

INSERT INTO SECTION_ENROLLMENT (YEAR, TERM_ID, STUDENT_ID, COURSE_PREFIX, COURSE_NUMBER, CAMPUS_ID, COURSE_SUFFIX, SECTION_ID)
VALUES (2007,1,111990002,'CIT','135','WL','L',2);
INSERT INTO SECTION_ENROLLMENT (YEAR, TERM_ID, STUDENT_ID, COURSE_PREFIX, COURSE_NUMBER, CAMPUS_ID, COURSE_SUFFIX, SECTION_ID)
VALUES (2007,2,111990002,'CIT','145','WL','L',2);
INSERT INTO SECTION_ENROLLMENT (YEAR, TERM_ID, STUDENT_ID, COURSE_PREFIX, COURSE_NUMBER, CAMPUS_ID, COURSE_SUFFIX, SECTION_ID)
VALUES (2007,3,111990002,'CIT','172','WL','L',1);

INSERT INTO SECTION_ENROLLMENT (YEAR, TERM_ID, STUDENT_ID, COURSE_PREFIX, COURSE_NUMBER, CAMPUS_ID, COURSE_SUFFIX, SECTION_ID)
VALUES (2007,1,888770003,'CIT','135','WL','L',3);
INSERT INTO SECTION_ENROLLMENT (YEAR, TERM_ID, STUDENT_ID, COURSE_PREFIX, COURSE_NUMBER, CAMPUS_ID, COURSE_SUFFIX, SECTION_ID)
VALUES (2007,2,888770003,'CIT','145','WL','L',3);
INSERT INTO SECTION_ENROLLMENT (YEAR, TERM_ID, STUDENT_ID, COURSE_PREFIX, COURSE_NUMBER, CAMPUS_ID, COURSE_SUFFIX, SECTION_ID)
VALUES (2007,3,888770003,'CIT','172','WL','L',1);

INSERT INTO SECTION_ENROLLMENT (YEAR, TERM_ID, STUDENT_ID, COURSE_PREFIX, COURSE_NUMBER, CAMPUS_ID, COURSE_SUFFIX, SECTION_ID)
VALUES (2007,1,777660003,'CIT','135','WL','L',4);
INSERT INTO SECTION_ENROLLMENT (YEAR, TERM_ID, STUDENT_ID, COURSE_PREFIX, COURSE_NUMBER, CAMPUS_ID, COURSE_SUFFIX, SECTION_ID)
VALUES (2007,2,777660003,'CIT','145','WL','L',4);
INSERT INTO SECTION_ENROLLMENT (YEAR, TERM_ID, STUDENT_ID, COURSE_PREFIX, COURSE_NUMBER, CAMPUS_ID, COURSE_SUFFIX, SECTION_ID)
VALUES (2007,3,777660003,'CIT','172','WL','L',1);

INSERT INTO SECTION_ENROLLMENT (YEAR, TERM_ID, STUDENT_ID, COURSE_PREFIX, COURSE_NUMBER, CAMPUS_ID, COURSE_SUFFIX, SECTION_ID)
VALUES (2007,1,666550003,'CIT','135','WL','L',1);
INSERT INTO SECTION_ENROLLMENT (YEAR, TERM_ID, STUDENT_ID, COURSE_PREFIX, COURSE_NUMBER, CAMPUS_ID, COURSE_SUFFIX, SECTION_ID)
VALUES (2007,2,666550003,'CIT','145','WL','L',1);
INSERT INTO SECTION_ENROLLMENT (YEAR, TERM_ID, STUDENT_ID, COURSE_PREFIX, COURSE_NUMBER, CAMPUS_ID, COURSE_SUFFIX, SECTION_ID)
VALUES (2007,3,666550003,'CIT','172','WL','L',1);

INSERT INTO SECTION_ENROLLMENT (YEAR, TERM_ID, STUDENT_ID, COURSE_PREFIX, COURSE_NUMBER, CAMPUS_ID, COURSE_SUFFIX, SECTION_ID)
VALUES (2007,1,555440003,'CIT','135','WL','L',2);
INSERT INTO SECTION_ENROLLMENT (YEAR, TERM_ID, STUDENT_ID, COURSE_PREFIX, COURSE_NUMBER, CAMPUS_ID, COURSE_SUFFIX, SECTION_ID)
VALUES (2007,2,555440003,'CIT','145','WL','L',2);
INSERT INTO SECTION_ENROLLMENT (YEAR, TERM_ID, STUDENT_ID, COURSE_PREFIX, COURSE_NUMBER, CAMPUS_ID, COURSE_SUFFIX, SECTION_ID)
VALUES (2007,3,555440003,'CIT','172','WL','L',1);

INSERT INTO SECTION_ENROLLMENT (YEAR, TERM_ID, STUDENT_ID, COURSE_PREFIX, COURSE_NUMBER, CAMPUS_ID, COURSE_SUFFIX, SECTION_ID)
VALUES (2007,1,444330003,'CIT','135','WL','L',3);
INSERT INTO SECTION_ENROLLMENT (YEAR, TERM_ID, STUDENT_ID, COURSE_PREFIX, COURSE_NUMBER, CAMPUS_ID, COURSE_SUFFIX, SECTION_ID)
VALUES (2007,2,444330003,'CIT','145','WL','L',3);
INSERT INTO SECTION_ENROLLMENT (YEAR, TERM_ID, STUDENT_ID, COURSE_PREFIX, COURSE_NUMBER, CAMPUS_ID, COURSE_SUFFIX, SECTION_ID)
VALUES (2007,3,444330003,'CIT','172','WL','L',1);

INSERT INTO SECTION_ENROLLMENT (YEAR, TERM_ID, STUDENT_ID, COURSE_PREFIX, COURSE_NUMBER, CAMPUS_ID, COURSE_SUFFIX, SECTION_ID)
VALUES (2007,1,444330003,'CIT','135','WL','L',4);
INSERT INTO SECTION_ENROLLMENT (YEAR, TERM_ID, STUDENT_ID, COURSE_PREFIX, COURSE_NUMBER, CAMPUS_ID, COURSE_SUFFIX, SECTION_ID)
VALUES (2007,2,444330003,'CIT','145','WL','L',4);

INSERT INTO SECTION_ENROLLMENT (YEAR, TERM_ID, STUDENT_ID, COURSE_PREFIX, COURSE_NUMBER, CAMPUS_ID, COURSE_SUFFIX, SECTION_ID)
VALUES (2007,1,333220003,'CIT','135','WL','L',1);
INSERT INTO SECTION_ENROLLMENT (YEAR, TERM_ID, STUDENT_ID, COURSE_PREFIX, COURSE_NUMBER, CAMPUS_ID, COURSE_SUFFIX, SECTION_ID)
VALUES (2007,2,333220003,'CIT','145','WL','L',1);
INSERT INTO SECTION_ENROLLMENT (YEAR, TERM_ID, STUDENT_ID, COURSE_PREFIX, COURSE_NUMBER, CAMPUS_ID, COURSE_SUFFIX, SECTION_ID)
VALUES (2007,3,333220003,'CIT','172','WL','L',1);

INSERT INTO SECTION_ENROLLMENT (YEAR, TERM_ID, STUDENT_ID, COURSE_PREFIX, COURSE_NUMBER, CAMPUS_ID, COURSE_SUFFIX, SECTION_ID)
VALUES (2007,1,222110003,'CIT','135','WL','L',2);
INSERT INTO SECTION_ENROLLMENT (YEAR, TERM_ID, STUDENT_ID, COURSE_PREFIX, COURSE_NUMBER, CAMPUS_ID, COURSE_SUFFIX, SECTION_ID)
VALUES (2007,2,222110003,'CIT','145','WL','L',2);
INSERT INTO SECTION_ENROLLMENT (YEAR, TERM_ID, STUDENT_ID, COURSE_PREFIX, COURSE_NUMBER, CAMPUS_ID, COURSE_SUFFIX, SECTION_ID)
VALUES (2007,3,222110003,'CIT','172','WL','L',1);

INSERT INTO SECTION_ENROLLMENT (YEAR, TERM_ID, STUDENT_ID, COURSE_PREFIX, COURSE_NUMBER, CAMPUS_ID, COURSE_SUFFIX, SECTION_ID)
VALUES (2007,1,111990003,'CIT','135','WL','L',3);
INSERT INTO SECTION_ENROLLMENT (YEAR, TERM_ID, STUDENT_ID, COURSE_PREFIX, COURSE_NUMBER, CAMPUS_ID, COURSE_SUFFIX, SECTION_ID)
VALUES (2007,2,111990003,'CIT','145','WL','L',3);
INSERT INTO SECTION_ENROLLMENT (YEAR, TERM_ID, STUDENT_ID, COURSE_PREFIX, COURSE_NUMBER, CAMPUS_ID, COURSE_SUFFIX, SECTION_ID)
VALUES (2007,3,111990003,'CIT','172','WL','L',1);

INSERT INTO SECTION_ENROLLMENT (YEAR, TERM_ID, STUDENT_ID, COURSE_PREFIX, COURSE_NUMBER, CAMPUS_ID, COURSE_SUFFIX, SECTION_ID)
VALUES (2007,1,888770004,'CIT','135','WL','L',4);
INSERT INTO SECTION_ENROLLMENT (YEAR, TERM_ID, STUDENT_ID, COURSE_PREFIX, COURSE_NUMBER, CAMPUS_ID, COURSE_SUFFIX, SECTION_ID)
VALUES (2007,2,888770004,'CIT','145','WL','L',4);
INSERT INTO SECTION_ENROLLMENT (YEAR, TERM_ID, STUDENT_ID, COURSE_PREFIX, COURSE_NUMBER, CAMPUS_ID, COURSE_SUFFIX, SECTION_ID)
VALUES (2007,3,888770004,'CIT','172','WL','L',1);

INSERT INTO SECTION_ENROLLMENT (YEAR, TERM_ID, STUDENT_ID, COURSE_PREFIX, COURSE_NUMBER, CAMPUS_ID, COURSE_SUFFIX, SECTION_ID)
VALUES (2007,1,777660004,'CIT','135','WL','L',1);
INSERT INTO SECTION_ENROLLMENT (YEAR, TERM_ID, STUDENT_ID, COURSE_PREFIX, COURSE_NUMBER, CAMPUS_ID, COURSE_SUFFIX, SECTION_ID)
VALUES (2007,2,777660004,'CIT','145','WL','L',1);
INSERT INTO SECTION_ENROLLMENT (YEAR, TERM_ID, STUDENT_ID, COURSE_PREFIX, COURSE_NUMBER, CAMPUS_ID, COURSE_SUFFIX, SECTION_ID)
VALUES (2007,3,777660004,'CIT','172','WL','L',1);

INSERT INTO SECTION_ENROLLMENT (YEAR, TERM_ID, STUDENT_ID, COURSE_PREFIX, COURSE_NUMBER, CAMPUS_ID, COURSE_SUFFIX, SECTION_ID)
VALUES (2007,1,666550004,'CIT','135','WL','L',2);
INSERT INTO SECTION_ENROLLMENT (YEAR, TERM_ID, STUDENT_ID, COURSE_PREFIX, COURSE_NUMBER, CAMPUS_ID, COURSE_SUFFIX, SECTION_ID)
VALUES (2007,2,666550004,'CIT','145','WL','L',2);
INSERT INTO SECTION_ENROLLMENT (YEAR, TERM_ID, STUDENT_ID, COURSE_PREFIX, COURSE_NUMBER, CAMPUS_ID, COURSE_SUFFIX, SECTION_ID)
VALUES (2007,3,666550004,'CIT','172','WL','L',1);

INSERT INTO SECTION_ENROLLMENT (YEAR, TERM_ID, STUDENT_ID, COURSE_PREFIX, COURSE_NUMBER, CAMPUS_ID, COURSE_SUFFIX, SECTION_ID)
VALUES (2007,1,555440004,'CIT','135','WL','L',3);
INSERT INTO SECTION_ENROLLMENT (YEAR, TERM_ID, STUDENT_ID, COURSE_PREFIX, COURSE_NUMBER, CAMPUS_ID, COURSE_SUFFIX, SECTION_ID)
VALUES (2007,2,555440004,'CIT','145','WL','L',3);
INSERT INTO SECTION_ENROLLMENT (YEAR, TERM_ID, STUDENT_ID, COURSE_PREFIX, COURSE_NUMBER, CAMPUS_ID, COURSE_SUFFIX, SECTION_ID)
VALUES (2007,3,555440004,'CIT','172','WL','L',1);

INSERT INTO SECTION_ENROLLMENT (YEAR, TERM_ID, STUDENT_ID, COURSE_PREFIX, COURSE_NUMBER, CAMPUS_ID, COURSE_SUFFIX, SECTION_ID)
VALUES (2007,1,444330004,'CIT','135','WL','L',4);
INSERT INTO SECTION_ENROLLMENT (YEAR, TERM_ID, STUDENT_ID, COURSE_PREFIX, COURSE_NUMBER, CAMPUS_ID, COURSE_SUFFIX, SECTION_ID)
VALUES (2007,2,444330004,'CIT','145','WL','L',4);

INSERT INTO SECTION_ENROLLMENT (YEAR, TERM_ID, STUDENT_ID, COURSE_PREFIX, COURSE_NUMBER, CAMPUS_ID, COURSE_SUFFIX, SECTION_ID)
VALUES (2007,1,444330004,'CIT','135','WL','L',1);
INSERT INTO SECTION_ENROLLMENT (YEAR, TERM_ID, STUDENT_ID, COURSE_PREFIX, COURSE_NUMBER, CAMPUS_ID, COURSE_SUFFIX, SECTION_ID)
VALUES (2007,2,444330004,'CIT','145','WL','L',1);

INSERT INTO SECTION_ENROLLMENT (YEAR, TERM_ID, STUDENT_ID, COURSE_PREFIX, COURSE_NUMBER, CAMPUS_ID, COURSE_SUFFIX, SECTION_ID)
VALUES (2007,1,333220004,'CIT','135','WL','L',2);
INSERT INTO SECTION_ENROLLMENT (YEAR, TERM_ID, STUDENT_ID, COURSE_PREFIX, COURSE_NUMBER, CAMPUS_ID, COURSE_SUFFIX, SECTION_ID)
VALUES (2007,2,333220004,'CIT','145','WL','L',2);
INSERT INTO SECTION_ENROLLMENT (YEAR, TERM_ID, STUDENT_ID, COURSE_PREFIX, COURSE_NUMBER, CAMPUS_ID, COURSE_SUFFIX, SECTION_ID)
VALUES (2007,3,333220004,'CIT','172','WL','L',1);

INSERT INTO SECTION_ENROLLMENT (YEAR, TERM_ID, STUDENT_ID, COURSE_PREFIX, COURSE_NUMBER, CAMPUS_ID, COURSE_SUFFIX, SECTION_ID)
VALUES (2007,1,222110004,'CIT','135','WL','L',3);
INSERT INTO SECTION_ENROLLMENT (YEAR, TERM_ID, STUDENT_ID, COURSE_PREFIX, COURSE_NUMBER, CAMPUS_ID, COURSE_SUFFIX, SECTION_ID)
VALUES (2007,2,222110004,'CIT','145','WL','L',3);
INSERT INTO SECTION_ENROLLMENT (YEAR, TERM_ID, STUDENT_ID, COURSE_PREFIX, COURSE_NUMBER, CAMPUS_ID, COURSE_SUFFIX, SECTION_ID)
VALUES (2007,3,222110004,'CIT','172','WL','L',1);

INSERT INTO SECTION_ENROLLMENT (YEAR, TERM_ID, STUDENT_ID, COURSE_PREFIX, COURSE_NUMBER, CAMPUS_ID, COURSE_SUFFIX, SECTION_ID)
VALUES (2007,1,111990004,'CIT','135','WL','L',4);
INSERT INTO SECTION_ENROLLMENT (YEAR, TERM_ID, STUDENT_ID, COURSE_PREFIX, COURSE_NUMBER, CAMPUS_ID, COURSE_SUFFIX, SECTION_ID)
VALUES (2007,2,111990004,'CIT','145','WL','L',4);
INSERT INTO SECTION_ENROLLMENT (YEAR, TERM_ID, STUDENT_ID, COURSE_PREFIX, COURSE_NUMBER, CAMPUS_ID, COURSE_SUFFIX, SECTION_ID)
VALUES (2007,3,111990004,'CIT','172','WL','L',1);

INSERT INTO SECTION_ENROLLMENT (YEAR, TERM_ID, STUDENT_ID, COURSE_PREFIX, COURSE_NUMBER, CAMPUS_ID, COURSE_SUFFIX, SECTION_ID)
VALUES (2007,1,999880001,'CIT','135','WL','L',1);
INSERT INTO SECTION_ENROLLMENT (YEAR, TERM_ID, STUDENT_ID, COURSE_PREFIX, COURSE_NUMBER, CAMPUS_ID, COURSE_SUFFIX, SECTION_ID)
VALUES (2007,2,999880001,'CIT','145','WL','L',1);
INSERT INTO SECTION_ENROLLMENT (YEAR, TERM_ID, STUDENT_ID, COURSE_PREFIX, COURSE_NUMBER, CAMPUS_ID, COURSE_SUFFIX, SECTION_ID)
VALUES (2007,3,999880001,'CIT','172','WL','L',1);
INSERT INTO SECTION_ENROLLMENT (YEAR, TERM_ID, STUDENT_ID, COURSE_PREFIX, COURSE_NUMBER, CAMPUS_ID, COURSE_SUFFIX, SECTION_ID)
VALUES (2007,3,999880001,'CIT','280','WL','L',1);
INSERT INTO SECTION_ENROLLMENT (YEAR, TERM_ID, STUDENT_ID, COURSE_PREFIX, COURSE_NUMBER, CAMPUS_ID, COURSE_SUFFIX, SECTION_ID)
VALUES (2008,1,999880001,'CIT','380','WL','L',1);
INSERT INTO SECTION_ENROLLMENT (YEAR, TERM_ID, STUDENT_ID, COURSE_PREFIX, COURSE_NUMBER, CAMPUS_ID, COURSE_SUFFIX, SECTION_ID)
VALUES (2008,1,999880001,'CIT','382','WL','L',1);
INSERT INTO SECTION_ENROLLMENT (YEAR, TERM_ID, STUDENT_ID, COURSE_PREFIX, COURSE_NUMBER, CAMPUS_ID, COURSE_SUFFIX, SECTION_ID)
VALUES (2008,2,999880001,'CIT','385','WL','L',1);
INSERT INTO SECTION_ENROLLMENT (YEAR, TERM_ID, STUDENT_ID, COURSE_PREFIX, COURSE_NUMBER, CAMPUS_ID, COURSE_SUFFIX, SECTION_ID)
VALUES (2008,2,999880001,'CIT','482','WL','L',1);
INSERT INTO SECTION_ENROLLMENT (YEAR, TERM_ID, STUDENT_ID, COURSE_PREFIX, COURSE_NUMBER, CAMPUS_ID, COURSE_SUFFIX, SECTION_ID)
VALUES (2007,1,999880002,'CIT','135','WL','L',2);
INSERT INTO SECTION_ENROLLMENT (YEAR, TERM_ID, STUDENT_ID, COURSE_PREFIX, COURSE_NUMBER, CAMPUS_ID, COURSE_SUFFIX, SECTION_ID)
VALUES (2008,1,999880002,'CIT','145','WL','L',2);
INSERT INTO SECTION_ENROLLMENT (YEAR, TERM_ID, STUDENT_ID, COURSE_PREFIX, COURSE_NUMBER, CAMPUS_ID, COURSE_SUFFIX, SECTION_ID)
VALUES (2008,2,999880002,'CIT','172','WL','L',1);
INSERT INTO SECTION_ENROLLMENT (YEAR, TERM_ID, STUDENT_ID, COURSE_PREFIX, COURSE_NUMBER, CAMPUS_ID, COURSE_SUFFIX, SECTION_ID)
VALUES (2008,1,999880003,'CIT','135','WL','L',3);
INSERT INTO SECTION_ENROLLMENT (YEAR, TERM_ID, STUDENT_ID, COURSE_PREFIX, COURSE_NUMBER, CAMPUS_ID, COURSE_SUFFIX, SECTION_ID)
VALUES (2008,2,999880003,'CIT','145','WL','L',3);
INSERT INTO SECTION_ENROLLMENT (YEAR, TERM_ID, STUDENT_ID, COURSE_PREFIX, COURSE_NUMBER, CAMPUS_ID, COURSE_SUFFIX, SECTION_ID)
VALUES (2007,1,999880004,'CIT','380','WL','L',1);
INSERT INTO SECTION_ENROLLMENT (YEAR, TERM_ID, STUDENT_ID, COURSE_PREFIX, COURSE_NUMBER, CAMPUS_ID, COURSE_SUFFIX, SECTION_ID)
VALUES (2008,1,999880004,'CIT','385','WL','L',1);
INSERT INTO SECTION_ENROLLMENT (YEAR, TERM_ID, STUDENT_ID, COURSE_PREFIX, COURSE_NUMBER, CAMPUS_ID, COURSE_SUFFIX, SECTION_ID)
VALUES (2007,1,999880005,'CIT','380','WL','L',1);
INSERT INTO SECTION_ENROLLMENT (YEAR, TERM_ID, STUDENT_ID, COURSE_PREFIX, COURSE_NUMBER, CAMPUS_ID, COURSE_SUFFIX, SECTION_ID)
VALUES (2007,2,999880005,'CIT','385','WL','L',1);
INSERT INTO SECTION_ENROLLMENT (YEAR, TERM_ID, STUDENT_ID, COURSE_PREFIX, COURSE_NUMBER, CAMPUS_ID, COURSE_SUFFIX, SECTION_ID)
VALUES (2007,3,999880006,'CIT','172','WL','L',1);
INSERT INTO SECTION_ENROLLMENT (YEAR, TERM_ID, STUDENT_ID, COURSE_PREFIX, COURSE_NUMBER, CAMPUS_ID, COURSE_SUFFIX, SECTION_ID)
VALUES (2008,1,999880006,'CIT','280','WL','L',1);
INSERT INTO SECTION_ENROLLMENT (YEAR, TERM_ID, STUDENT_ID, COURSE_PREFIX, COURSE_NUMBER, CAMPUS_ID, COURSE_SUFFIX, SECTION_ID)
VALUES (2008,2,999880006,'CIT','380','WL','L',1);
INSERT INTO SECTION_ENROLLMENT (YEAR, TERM_ID, STUDENT_ID, COURSE_PREFIX, COURSE_NUMBER, CAMPUS_ID, COURSE_SUFFIX, SECTION_ID)
VALUES (2008,1,999880007,'CIT','380','WL','L',1);
INSERT INTO SECTION_ENROLLMENT (YEAR, TERM_ID, STUDENT_ID, COURSE_PREFIX, COURSE_NUMBER, CAMPUS_ID, COURSE_SUFFIX, SECTION_ID)
VALUES (2008,2,999880007,'CIT','385','WL','L',1);
INSERT INTO SECTION_ENROLLMENT (YEAR, TERM_ID, STUDENT_ID, COURSE_PREFIX, COURSE_NUMBER, CAMPUS_ID, COURSE_SUFFIX, SECTION_ID)
VALUES (2008,1,999880008,'CIT','487','WL','L',1);
INSERT INTO SECTION_ENROLLMENT (YEAR, TERM_ID, STUDENT_ID, COURSE_PREFIX, COURSE_NUMBER, CAMPUS_ID, COURSE_SUFFIX, SECTION_ID)
VALUES (2008,1,999880009,'CIT','487','WL','L',1);

COMMIT;

UPDATE STUDENT SET NAME = 'Abigail Adams'
WHERE Student_ID = 999880001;
UPDATE STUDENT SET NAME = 'Boris Billings'
WHERE Student_ID = 999880002;
UPDATE STUDENT SET NAME = 'Catherine Crum'
WHERE Student_ID = 999880003;
UPDATE STUDENT SET NAME = 'Don Davenport'
WHERE Student_ID = 999880004;
UPDATE STUDENT SET NAME = 'Ed Ellingsworth'
WHERE Student_ID = 999880005;
UPDATE STUDENT SET NAME = 'Fred Fan', department_ID = 'MGMT'
WHERE Student_ID = 999880006;
UPDATE STUDENT SET NAME = 'Gary Gunnell'
WHERE Student_ID = 999880007;
UPDATE STUDENT SET NAME = 'Harold Hill'
WHERE Student_ID = 999880008;
UPDATE STUDENT SET NAME = 'Ima Inhouse'
WHERE Student_ID = 999880009;
UPDATE STUDENT SET NAME = 'Jill Jones'
WHERE Student_ID = 999880010;
UPDATE STUDENT SET NAME = 'Kevin Karr'
WHERE Student_ID = 888770001;
UPDATE STUDENT SET NAME = 'Lana Lin'
WHERE Student_ID = 777660001;
UPDATE STUDENT SET NAME = 'Max Million'
WHERE Student_ID = 666550001;
UPDATE STUDENT SET NAME = 'Ned Nelson'
WHERE Student_ID = 555440001;
UPDATE STUDENT SET NAME = 'Opal Oliver'
WHERE Student_ID = 444330001;
UPDATE STUDENT SET NAME = 'Pat Patricks'
WHERE Student_ID = 333220001;
UPDATE STUDENT SET NAME = 'Quinn Quinn'
WHERE Student_ID = 222110001;
UPDATE STUDENT SET NAME = 'Ron Rainsworth'
WHERE Student_ID = 111990001;
UPDATE STUDENT SET NAME = 'Sam Samuelson'
WHERE Student_ID = 888770002;
UPDATE STUDENT SET NAME = 'Ted Turner'
WHERE Student_ID = 777660002;
UPDATE STUDENT SET NAME = 'Uma Utah'
WHERE Student_ID = 666550002;
UPDATE STUDENT SET NAME = 'Valerie VanCamp'
WHERE Student_ID = 555440002;
UPDATE STUDENT SET NAME = 'Wes Woodson'
WHERE Student_ID = 444330002;
UPDATE STUDENT SET NAME = 'Xavier Xu'
WHERE Student_ID = 333220002;
UPDATE STUDENT SET NAME = 'Yolanda Young'
WHERE Student_ID = 222110002;
UPDATE STUDENT SET NAME = 'Zig Zellerman'
WHERE Student_ID = 111990002;
UPDATE STUDENT SET NAME = 'Arnold Anderson'
WHERE Student_ID = 888770003;
UPDATE STUDENT SET NAME = 'Brady Bransen'
WHERE Student_ID = 777660003;
UPDATE STUDENT SET NAME = 'Chris Croxton'
WHERE Student_ID = 666550003;
UPDATE STUDENT SET NAME = 'Deborah Douglas'
WHERE Student_ID = 555440003;
UPDATE STUDENT SET NAME = 'Fran Fredericks'
WHERE Student_ID = 444330003;
UPDATE STUDENT SET NAME = 'Gelda Gunwarden'
WHERE Student_ID = 333220003;
UPDATE STUDENT SET NAME = 'Jared Johnson', department_ID = 'MGMT'
WHERE Student_ID = 222110003;
UPDATE STUDENT SET NAME = 'Karen Kendall'
WHERE Student_ID = 111990003;
UPDATE STUDENT SET NAME = 'Mary McNorris'
WHERE Student_ID = 888770004;
UPDATE STUDENT SET NAME = 'Nancy Norton'
WHERE Student_ID = 777660004;
UPDATE STUDENT SET NAME = 'Rhonda Romig'
WHERE Student_ID = 666550004;
UPDATE STUDENT SET NAME = 'Sally Smith'
WHERE Student_ID = 555440004;
UPDATE STUDENT SET NAME = 'Tammy Tyrell'
WHERE Student_ID = 444330004;
UPDATE STUDENT SET NAME = 'Van Vander'
WHERE Student_ID = 333220004;
UPDATE STUDENT SET NAME = 'Walter Williams'
WHERE Student_ID = 222110004;
UPDATE STUDENT SET NAME = 'Zeb Zellers'
WHERE Student_ID = 111990004;

COMMIT;
